#
# There is insufficient memory for the Java Runtime Environment to continue.
# Native memory allocation (malloc) failed to allocate 1418416 bytes for Chunk::new
# Possible reasons:
#   The system is out of physical RAM or swap space
#   The process is running with CompressedOops enabled, and the Java Heap may be blocking the growth of the native heap
# Possible solutions:
#   Reduce memory load on the system
#   Increase physical memory or swap space
#   Check if swap backing store is full
#   Decrease Java heap size (-Xmx/-Xms)
#   Decrease number of Java threads
#   Decrease Java thread stack sizes (-Xss)
#   Set larger code cache with -XX:ReservedCodeCacheSize=
#   JVM is running with Unscaled Compressed Oops mode in which the Java heap is
#     placed in the first 4GB address space. The Java Heap base address is the
#     maximum limit for the native heap growth. Please use -XX:HeapBaseMinAddress
#     to set the Java Heap base and to place the Java Heap above 4GB virtual address.
# This output file may be truncated or incomplete.
#
#  Out of Memory Error (arena.cpp:189), pid=17092, tid=16100
#
# JRE version: OpenJDK Runtime Environment (17.0.7) (build 17.0.7+0-b2043.56-10550314)
# Java VM: OpenJDK 64-Bit Server VM (17.0.7+0-b2043.56-10550314, mixed mode, tiered, compressed oops, compressed class ptrs, g1 gc, windows-amd64)
# No core dump will be written. Minidumps are not enabled by default on client versions of Windows
#

---------------  S U M M A R Y ------------

Command Line: --add-opens=java.base/java.util=ALL-UNNAMED --add-opens=java.base/java.lang=ALL-UNNAMED --add-opens=java.base/java.lang.invoke=ALL-UNNAMED --add-opens=java.base/java.util=ALL-UNNAMED --add-opens=java.prefs/java.util.prefs=ALL-UNNAMED --add-opens=java.prefs/java.util.prefs=ALL-UNNAMED --add-opens=java.base/java.nio.charset=ALL-UNNAMED --add-opens=java.base/java.net=ALL-UNNAMED --add-opens=java.base/java.util.concurrent.atomic=ALL-UNNAMED -Xmx2048m -Dfile.encoding=UTF-8 -Duser.country=US -Duser.language=en -Duser.variant org.gradle.launcher.daemon.bootstrap.GradleDaemon 7.5

Host: Intel(R) Core(TM) i7-3770 CPU @ 3.40GHz, 8 cores, 15G,  Windows 10 , 64 bit Build 19041 (10.0.19041.1889)
Time: Wed Dec 27 14:34:05 2023 India Standard Time elapsed time: 11842.756348 seconds (0d 3h 17m 22s)

---------------  T H R E A D  ---------------

Current thread (0x000001f8cb213f90):  JavaThread "C2 CompilerThread0" daemon [_thread_in_native, id=16100, stack(0x000000b795e00000,0x000000b795f00000)]


Current CompileTask:
C2:11842756 56665       4       org.gradle.api.internal.file.FileCollectionBackedFileTree$2::visitCollection (98 bytes)

Stack: [0x000000b795e00000,0x000000b795f00000]
Native frames: (J=compiled Java code, j=interpreted, Vv=VM code, C=native code)
V  [jvm.dll+0x683bfa]
V  [jvm.dll+0x8430a4]
V  [jvm.dll+0x8449be]
V  [jvm.dll+0x845023]
V  [jvm.dll+0x24ad2f]
V  [jvm.dll+0xac25c]
V  [jvm.dll+0xac82c]
V  [jvm.dll+0x36a132]
V  [jvm.dll+0x334821]
V  [jvm.dll+0x333cca]
V  [jvm.dll+0x21d251]
V  [jvm.dll+0x21c671]
V  [jvm.dll+0x1a605d]
V  [jvm.dll+0x22c148]
V  [jvm.dll+0x22a209]
V  [jvm.dll+0x7f858c]
V  [jvm.dll+0x7f2aea]
V  [jvm.dll+0x682a35]
C  [ucrtbase.dll+0x21bb2]
C  [KERNEL32.DLL+0x17034]
C  [ntdll.dll+0x526a1]


---------------  P R O C E S S  ---------------

Threads class SMR info:
_java_thread_list=0x000001f8dd863b50, length=139, elements={
0x000001f8b11a8d10, 0x000001f8cb1ca2d0, 0x000001f8cb1cb7f0, 0x000001f8cb20d290,
0x000001f8cb210cd0, 0x000001f8cb211590, 0x000001f8cb2125f0, 0x000001f8cb213f90,
0x000001f8cb21a9f0, 0x000001f8cb21ba90, 0x000001f8cb39b3d0, 0x000001f8cb3b13c0,
0x000001f8d181e830, 0x000001f8d10e0a50, 0x000001f8d140b4a0, 0x000001f8d07bafd0,
0x000001f8d07bc310, 0x000001f8d07bc7e0, 0x000001f8d07bd180, 0x000001f8d07bccb0,
0x000001f8d07bb970, 0x000001f8d257f5d0, 0x000001f8d2580440, 0x000001f8d2582ac0,
0x000001f8d257ff70, 0x000001f8d257ca80, 0x000001f8d257d420, 0x000001f8d1d0fbd0,
0x000001f8d1d12bf0, 0x000001f8d1d130c0, 0x000001f8d1d10a40, 0x000001f8d66c9b70,
0x000001f8db414140, 0x000001f8dc1c3940, 0x000001f8dd35d050, 0x000001f8dd4e9ed0,
0x000001f8dd4ea3a0, 0x000001f8dd4ec550, 0x000001f8d2ced600, 0x000001f8d2cedad0,
0x000001f8d2cedfa0, 0x000001f8d2cee940, 0x000001f8d2cf0150, 0x000001f8dd4ea870,
0x000001f8dd4ead40, 0x000001f8dd4eb210, 0x000001f8d2cefc80, 0x000001f8d3b88df0,
0x000001f8d3b8afa0, 0x000001f8d3b8a130, 0x000001f8d3b89790, 0x000001f8d3b89c60,
0x000001f8d3b8b470, 0x000001f8d3b8b940, 0x000001f8d3b88450, 0x000001f8cbe11510,
0x000001f8cbe14530, 0x000001f8cbe14a00, 0x000001f8cbe14060, 0x000001f8cbe119e0,
0x000001f8cbe131f0, 0x000001f8cbe11eb0, 0x000001f8cbe12380, 0x000001f8cbe12850,
0x000001f8cbe12d20, 0x000001f8cbe136c0, 0x000001f8d2a368b0, 0x000001f8d2a35f10,
0x000001f8d2a333c0, 0x000001f8d2a33890, 0x000001f8d2a33d60, 0x000001f8d2a34230,
0x000001f8d2a34700, 0x000001f8dc0b41e0, 0x000001f8d2ceee10, 0x000001f8d2cef2e0,
0x000001f8d2cef7b0, 0x000001f8d2cecc60, 0x000001f8d2ced130, 0x000001f8dc012a40,
0x000001f8dc014bf0, 0x000001f8dc015590, 0x000001f8dc013d80, 0x000001f8dc014720,
0x000001f8dc0b5ec0, 0x000001f8dc0b6860, 0x000001f8dc0b3840, 0x000001f8dc0b4b80,
0x000001f8dc0b6d30, 0x000001f8dd4eca20, 0x000001f8dd4ebbb0, 0x000001f8dd4ec080,
0x000001f8dd4e9060, 0x000001f8dd4e9a00, 0x000001f8de0b44e0, 0x000001f8de0b5350,
0x000001f8de0b5820, 0x000001f8de0b49b0, 0x000001f8de0b5cf0, 0x000001f8de0b61c0,
0x000001f8de0b4e80, 0x000001f8de0b6690, 0x000001f8d5a19710, 0x000001f8d5a19240,
0x000001f8d5a1a580, 0x000001f8d5a1a0b0, 0x000001f8d5a1aa50, 0x000001f8d5a19be0,
0x000001f8dc012f10, 0x000001f8dc0120a0, 0x000001f8dc015a60, 0x000001f8dc012570,
0x000001f8dc0133e0, 0x000001f8dc014250, 0x000001f8d66cc1f0, 0x000001f8d5a1b8c0,
0x000001f8d5a1c730, 0x000001f8d5a1b3f0, 0x000001f8d5a1bd90, 0x000001f8d5a1c260,
0x000001f8dc1c47b0, 0x000001f8dc1c2ad0, 0x000001f8dc1c0df0, 0x000001f8dc1c1c60,
0x000001f8d4c119c0, 0x000001f8d4c0e000, 0x000001f8d4c0f810, 0x000001f8d302c6c0,
0x000001f8de0b6b60, 0x000001f8de0b7500, 0x000001f8de0b79d0, 0x000001f8de0b7ea0,
0x000001f8d5a24f70, 0x000001f8d5a25de0, 0x000001f8d5a26780, 0x000001f8d5a24aa0,
0x000001f8dc1c2600, 0x000001f8dd35aea0, 0x000001f8db599e00
}

Java Threads: ( => current thread )
  0x000001f8b11a8d10 JavaThread "main" [_thread_blocked, id=16632, stack(0x000000b795100000,0x000000b795200000)]
  0x000001f8cb1ca2d0 JavaThread "Reference Handler" daemon [_thread_blocked, id=16304, stack(0x000000b795800000,0x000000b795900000)]
  0x000001f8cb1cb7f0 JavaThread "Finalizer" daemon [_thread_blocked, id=16356, stack(0x000000b795900000,0x000000b795a00000)]
  0x000001f8cb20d290 JavaThread "Signal Dispatcher" daemon [_thread_blocked, id=9860, stack(0x000000b795a00000,0x000000b795b00000)]
  0x000001f8cb210cd0 JavaThread "Attach Listener" daemon [_thread_blocked, id=744, stack(0x000000b795b00000,0x000000b795c00000)]
  0x000001f8cb211590 JavaThread "Service Thread" daemon [_thread_blocked, id=14844, stack(0x000000b795c00000,0x000000b795d00000)]
  0x000001f8cb2125f0 JavaThread "Monitor Deflation Thread" daemon [_thread_blocked, id=14468, stack(0x000000b795d00000,0x000000b795e00000)]
=>0x000001f8cb213f90 JavaThread "C2 CompilerThread0" daemon [_thread_in_native, id=16100, stack(0x000000b795e00000,0x000000b795f00000)]
  0x000001f8cb21a9f0 JavaThread "C1 CompilerThread0" daemon [_thread_in_native, id=15972, stack(0x000000b795f00000,0x000000b796000000)]
  0x000001f8cb21ba90 JavaThread "Sweeper thread" daemon [_thread_blocked, id=1776, stack(0x000000b796000000,0x000000b796100000)]
  0x000001f8cb39b3d0 JavaThread "Common-Cleaner" daemon [_thread_blocked, id=10220, stack(0x000000b796100000,0x000000b796200000)]
  0x000001f8cb3b13c0 JavaThread "Notification Thread" daemon [_thread_blocked, id=9744, stack(0x000000b796200000,0x000000b796300000)]
  0x000001f8d181e830 JavaThread "Daemon health stats" [_thread_blocked, id=16496, stack(0x000000b796b00000,0x000000b796c00000)]
  0x000001f8d10e0a50 JavaThread "Incoming local TCP Connector on port 62450" [_thread_in_native, id=8804, stack(0x000000b796c00000,0x000000b796d00000)]
  0x000001f8d140b4a0 JavaThread "Daemon periodic checks" [_thread_blocked, id=14964, stack(0x000000b796d00000,0x000000b796e00000)]
  0x000001f8d07bafd0 JavaThread "Cache worker for journal cache (C:\Users\snehal.dhuri\.gradle\caches\journal-1)" [_thread_blocked, id=9596, stack(0x000000b797500000,0x000000b797600000)]
  0x000001f8d07bc310 JavaThread "File lock request listener" [_thread_in_native, id=16112, stack(0x000000b797600000,0x000000b797700000)]
  0x000001f8d07bc7e0 JavaThread "Cache worker for file hash cache (C:\Users\snehal.dhuri\.gradle\caches\7.5\fileHashes)" [_thread_blocked, id=14368, stack(0x000000b797a00000,0x000000b797b00000)]
  0x000001f8d07bd180 JavaThread "File watcher server" daemon [_thread_in_native, id=15068, stack(0x000000b797b00000,0x000000b797c00000)]
  0x000001f8d07bccb0 JavaThread "File watcher consumer" daemon [_thread_blocked, id=9348, stack(0x000000b797c00000,0x000000b797d00000)]
  0x000001f8d07bb970 JavaThread "Cache worker for file content cache (C:\Users\snehal.dhuri\.gradle\caches\7.5\fileContent)" [_thread_blocked, id=15964, stack(0x000000b797f00000,0x000000b798000000)]
  0x000001f8d257f5d0 JavaThread "Cache worker for execution history cache (C:\Users\snehal.dhuri\.gradle\caches\7.5\executionHistory)" [_thread_blocked, id=6632, stack(0x000000b798200000,0x000000b798300000)]
  0x000001f8d2580440 JavaThread "jar transforms" [_thread_blocked, id=8788, stack(0x000000b798300000,0x000000b798400000)]
  0x000001f8d2582ac0 JavaThread "jar transforms Thread 2" [_thread_blocked, id=7276, stack(0x000000b798400000,0x000000b798500000)]
  0x000001f8d257ff70 JavaThread "jar transforms Thread 3" [_thread_blocked, id=14536, stack(0x000000b798500000,0x000000b798600000)]
  0x000001f8d257ca80 JavaThread "jar transforms Thread 4" [_thread_blocked, id=11084, stack(0x000000b798600000,0x000000b798700000)]
  0x000001f8d257d420 JavaThread "jar transforms Thread 5" [_thread_blocked, id=648, stack(0x000000b798800000,0x000000b798900000)]
  0x000001f8d1d0fbd0 JavaThread "jar transforms Thread 6" [_thread_blocked, id=5400, stack(0x000000b79da00000,0x000000b79db00000)]
  0x000001f8d1d12bf0 JavaThread "jar transforms Thread 7" [_thread_blocked, id=14104, stack(0x000000b79db00000,0x000000b79dc00000)]
  0x000001f8d1d130c0 JavaThread "jar transforms Thread 8" [_thread_blocked, id=18572, stack(0x000000b79dc00000,0x000000b79dd00000)]
  0x000001f8d1d10a40 JavaThread "Memory manager" [_thread_blocked, id=18696, stack(0x000000b79de00000,0x000000b79df00000)]
  0x000001f8d66c9b70 JavaThread "RMI Scheduler(0)" daemon [_thread_blocked, id=16344, stack(0x000000b796400000,0x000000b796500000)]
  0x000001f8db414140 JavaThread "RMI TCP Accept-0" daemon [_thread_in_native, id=7324, stack(0x000000b79f400000,0x000000b79f500000)]
  0x000001f8dc1c3940 JavaThread "Cache worker for Java compile cache (C:\Users\snehal.dhuri\.gradle\caches\7.5\javaCompile)" [_thread_blocked, id=16072, stack(0x000000b795000000,0x000000b795100000)]
  0x000001f8dd35d050 JavaThread "Daemon Thread 11" [_thread_blocked, id=7996, stack(0x000000b794e00000,0x000000b794f00000)]
  0x000001f8dd4e9ed0 JavaThread "Handler for socket connection from /127.0.0.1:62450 to /127.0.0.1:57600" [_thread_in_native, id=17896, stack(0x000000b794f00000,0x000000b795000000)]
  0x000001f8dd4ea3a0 JavaThread "Cancel handler" [_thread_blocked, id=2480, stack(0x000000b796500000,0x000000b796600000)]
  0x000001f8dd4ec550 JavaThread "Daemon worker Thread 11" [_thread_blocked, id=7032, stack(0x000000b796e00000,0x000000b796f00000)]
  0x000001f8d2ced600 JavaThread "Asynchronous log dispatcher for DefaultDaemonConnection: socket connection from /127.0.0.1:62450 to /127.0.0.1:57600" [_thread_blocked, id=17952, stack(0x000000b796f00000,0x000000b797000000)]
  0x000001f8d2cedad0 JavaThread "Stdin handler" [_thread_blocked, id=5140, stack(0x000000b797000000,0x000000b797100000)]
  0x000001f8d2cedfa0 JavaThread "Daemon client event forwarder" [_thread_blocked, id=1564, stack(0x000000b797100000,0x000000b797200000)]
  0x000001f8d2cee940 JavaThread "Cache worker for checksums cache (D:\Projects\MB_AndroidTv\Moviebeam\.gradle\7.5\checksums)" [_thread_blocked, id=14356, stack(0x000000b797200000,0x000000b797300000)]
  0x000001f8d2cf0150 JavaThread "Cache worker for cache directory md-rule (C:\Users\snehal.dhuri\.gradle\caches\7.5\md-rule)" [_thread_blocked, id=11184, stack(0x000000b797300000,0x000000b797400000)]
  0x000001f8dd4ea870 JavaThread "Cache worker for file hash cache (D:\Projects\MB_AndroidTv\Moviebeam\.gradle\7.5\fileHashes)" [_thread_blocked, id=13276, stack(0x000000b797400000,0x000000b797500000)]
  0x000001f8dd4ead40 JavaThread "Cache worker for cache directory md-supplier (C:\Users\snehal.dhuri\.gradle\caches\7.5\md-supplier)" [_thread_blocked, id=9736, stack(0x000000b797d00000,0x000000b797e00000)]
  0x000001f8dd4eb210 JavaThread "Cache worker for dependencies-accessors (D:\Projects\MB_AndroidTv\Moviebeam\.gradle\7.5\dependencies-accessors)" [_thread_blocked, id=10048, stack(0x000000b797e00000,0x000000b797f00000)]
  0x000001f8d2cefc80 JavaThread "Cache worker for Build Output Cleanup Cache (D:\Projects\MB_AndroidTv\Moviebeam\.gradle\buildOutputCleanup)" [_thread_blocked, id=7908, stack(0x000000b798000000,0x000000b798100000)]
  0x000001f8d3b88df0 JavaThread "Unconstrained build operations" [_thread_blocked, id=10284, stack(0x000000b798100000,0x000000b798200000)]
  0x000001f8d3b8afa0 JavaThread "Unconstrained build operations Thread 2" [_thread_blocked, id=16948, stack(0x000000b798700000,0x000000b798800000)]
  0x000001f8d3b8a130 JavaThread "Unconstrained build operations Thread 3" [_thread_blocked, id=1824, stack(0x000000b798900000,0x000000b798a00000)]
  0x000001f8d3b89790 JavaThread "Unconstrained build operations Thread 4" [_thread_blocked, id=14380, stack(0x000000b798a00000,0x000000b798b00000)]
  0x000001f8d3b89c60 JavaThread "Unconstrained build operations Thread 5" [_thread_blocked, id=11400, stack(0x000000b798b00000,0x000000b798c00000)]
  0x000001f8d3b8b470 JavaThread "Unconstrained build operations Thread 6" [_thread_blocked, id=14672, stack(0x000000b798c00000,0x000000b798d00000)]
  0x000001f8d3b8b940 JavaThread "Unconstrained build operations Thread 7" [_thread_blocked, id=17412, stack(0x000000b798d00000,0x000000b798e00000)]
  0x000001f8d3b88450 JavaThread "Unconstrained build operations Thread 8" [_thread_blocked, id=4400, stack(0x000000b798e00000,0x000000b798f00000)]
  0x000001f8cbe11510 JavaThread "Unconstrained build operations Thread 9" [_thread_blocked, id=5828, stack(0x000000b798f00000,0x000000b799000000)]
  0x000001f8cbe14530 JavaThread "Unconstrained build operations Thread 10" [_thread_blocked, id=17480, stack(0x000000b799000000,0x000000b799100000)]
  0x000001f8cbe14a00 JavaThread "Unconstrained build operations Thread 11" [_thread_blocked, id=13808, stack(0x000000b799100000,0x000000b799200000)]
  0x000001f8cbe14060 JavaThread "Unconstrained build operations Thread 12" [_thread_blocked, id=8596, stack(0x000000b799200000,0x000000b799300000)]
  0x000001f8cbe119e0 JavaThread "Unconstrained build operations Thread 13" [_thread_blocked, id=18316, stack(0x000000b799300000,0x000000b799400000)]
  0x000001f8cbe131f0 JavaThread "Unconstrained build operations Thread 14" [_thread_blocked, id=17376, stack(0x000000b799400000,0x000000b799500000)]
  0x000001f8cbe11eb0 JavaThread "Unconstrained build operations Thread 15" [_thread_blocked, id=19296, stack(0x000000b799500000,0x000000b799600000)]
  0x000001f8cbe12380 JavaThread "Unconstrained build operations Thread 16" [_thread_blocked, id=1600, stack(0x000000b799600000,0x000000b799700000)]
  0x000001f8cbe12850 JavaThread "Unconstrained build operations Thread 17" [_thread_blocked, id=7700, stack(0x000000b799700000,0x000000b799800000)]
  0x000001f8cbe12d20 JavaThread "Unconstrained build operations Thread 18" [_thread_blocked, id=13948, stack(0x000000b799800000,0x000000b799900000)]
  0x000001f8cbe136c0 JavaThread "Unconstrained build operations Thread 19" [_thread_blocked, id=17188, stack(0x000000b799900000,0x000000b799a00000)]
  0x000001f8d2a368b0 JavaThread "Unconstrained build operations Thread 20" [_thread_blocked, id=7400, stack(0x000000b799a00000,0x000000b799b00000)]
  0x000001f8d2a35f10 JavaThread "Unconstrained build operations Thread 21" [_thread_blocked, id=17200, stack(0x000000b799b00000,0x000000b799c00000)]
  0x000001f8d2a333c0 JavaThread "Unconstrained build operations Thread 22" [_thread_blocked, id=12400, stack(0x000000b799c00000,0x000000b799d00000)]
  0x000001f8d2a33890 JavaThread "Unconstrained build operations Thread 23" [_thread_blocked, id=4752, stack(0x000000b799d00000,0x000000b799e00000)]
  0x000001f8d2a33d60 JavaThread "Unconstrained build operations Thread 24" [_thread_blocked, id=9776, stack(0x000000b799e00000,0x000000b799f00000)]
  0x000001f8d2a34230 JavaThread "Unconstrained build operations Thread 25" [_thread_blocked, id=15316, stack(0x000000b799f00000,0x000000b79a000000)]
  0x000001f8d2a34700 JavaThread "Unconstrained build operations Thread 26" [_thread_blocked, id=6184, stack(0x000000b79a000000,0x000000b79a100000)]
  0x000001f8dc0b41e0 JavaThread "Unconstrained build operations Thread 27" [_thread_blocked, id=18524, stack(0x000000b79a100000,0x000000b79a200000)]
  0x000001f8d2ceee10 JavaThread "Unconstrained build operations Thread 28" [_thread_blocked, id=19452, stack(0x000000b79a200000,0x000000b79a300000)]
  0x000001f8d2cef2e0 JavaThread "Unconstrained build operations Thread 29" [_thread_blocked, id=16460, stack(0x000000b79a300000,0x000000b79a400000)]
  0x000001f8d2cef7b0 JavaThread "Unconstrained build operations Thread 30" [_thread_blocked, id=10644, stack(0x000000b79a400000,0x000000b79a500000)]
  0x000001f8d2cecc60 JavaThread "Unconstrained build operations Thread 31" [_thread_blocked, id=9984, stack(0x000000b79a500000,0x000000b79a600000)]
  0x000001f8d2ced130 JavaThread "Unconstrained build operations Thread 32" [_thread_blocked, id=6032, stack(0x000000b79a600000,0x000000b79a700000)]
  0x000001f8dc012a40 JavaThread "Unconstrained build operations Thread 33" [_thread_blocked, id=10904, stack(0x000000b79a700000,0x000000b79a800000)]
  0x000001f8dc014bf0 JavaThread "Unconstrained build operations Thread 34" [_thread_blocked, id=10928, stack(0x000000b79a800000,0x000000b79a900000)]
  0x000001f8dc015590 JavaThread "Unconstrained build operations Thread 35" [_thread_blocked, id=11248, stack(0x000000b79a900000,0x000000b79aa00000)]
  0x000001f8dc013d80 JavaThread "Unconstrained build operations Thread 36" [_thread_blocked, id=7100, stack(0x000000b79aa00000,0x000000b79ab00000)]
  0x000001f8dc014720 JavaThread "Unconstrained build operations Thread 37" [_thread_blocked, id=1804, stack(0x000000b79ab00000,0x000000b79ac00000)]
  0x000001f8dc0b5ec0 JavaThread "Unconstrained build operations Thread 38" [_thread_blocked, id=16580, stack(0x000000b79ac00000,0x000000b79ad00000)]
  0x000001f8dc0b6860 JavaThread "Unconstrained build operations Thread 39" [_thread_blocked, id=15872, stack(0x000000b79ad00000,0x000000b79ae00000)]
  0x000001f8dc0b3840 JavaThread "Unconstrained build operations Thread 40" [_thread_blocked, id=9440, stack(0x000000b79ae00000,0x000000b79af00000)]
  0x000001f8dc0b4b80 JavaThread "Unconstrained build operations Thread 41" [_thread_blocked, id=8200, stack(0x000000b79af00000,0x000000b79b000000)]
  0x000001f8dc0b6d30 JavaThread "Unconstrained build operations Thread 42" [_thread_blocked, id=14204, stack(0x000000b79b000000,0x000000b79b100000)]
  0x000001f8dd4eca20 JavaThread "Unconstrained build operations Thread 43" [_thread_blocked, id=18468, stack(0x000000b79b100000,0x000000b79b200000)]
  0x000001f8dd4ebbb0 JavaThread "Unconstrained build operations Thread 44" [_thread_blocked, id=17280, stack(0x000000b79b200000,0x000000b79b300000)]
  0x000001f8dd4ec080 JavaThread "Unconstrained build operations Thread 45" [_thread_blocked, id=2256, stack(0x000000b79b300000,0x000000b79b400000)]
  0x000001f8dd4e9060 JavaThread "Unconstrained build operations Thread 46" [_thread_blocked, id=5648, stack(0x000000b79b400000,0x000000b79b500000)]
  0x000001f8dd4e9a00 JavaThread "Unconstrained build operations Thread 47" [_thread_blocked, id=4756, stack(0x000000b79b500000,0x000000b79b600000)]
  0x000001f8de0b44e0 JavaThread "Unconstrained build operations Thread 48" [_thread_blocked, id=16044, stack(0x000000b79b600000,0x000000b79b700000)]
  0x000001f8de0b5350 JavaThread "Unconstrained build operations Thread 49" [_thread_blocked, id=4724, stack(0x000000b79b700000,0x000000b79b800000)]
  0x000001f8de0b5820 JavaThread "Unconstrained build operations Thread 50" [_thread_blocked, id=6348, stack(0x000000b79b800000,0x000000b79b900000)]
  0x000001f8de0b49b0 JavaThread "Unconstrained build operations Thread 51" [_thread_blocked, id=14444, stack(0x000000b79b900000,0x000000b79ba00000)]
  0x000001f8de0b5cf0 JavaThread "Unconstrained build operations Thread 52" [_thread_blocked, id=284, stack(0x000000b79ba00000,0x000000b79bb00000)]
  0x000001f8de0b61c0 JavaThread "Unconstrained build operations Thread 53" [_thread_blocked, id=12212, stack(0x000000b79bb00000,0x000000b79bc00000)]
  0x000001f8de0b4e80 JavaThread "Unconstrained build operations Thread 54" [_thread_blocked, id=13232, stack(0x000000b79bc00000,0x000000b79bd00000)]
  0x000001f8de0b6690 JavaThread "Unconstrained build operations Thread 55" [_thread_blocked, id=12116, stack(0x000000b79bd00000,0x000000b79be00000)]
  0x000001f8d5a19710 JavaThread "Unconstrained build operations Thread 56" [_thread_blocked, id=17960, stack(0x000000b79be00000,0x000000b79bf00000)]
  0x000001f8d5a19240 JavaThread "Unconstrained build operations Thread 57" [_thread_blocked, id=7516, stack(0x000000b79bf00000,0x000000b79c000000)]
  0x000001f8d5a1a580 JavaThread "Unconstrained build operations Thread 58" [_thread_blocked, id=5500, stack(0x000000b79c000000,0x000000b79c100000)]
  0x000001f8d5a1a0b0 JavaThread "Unconstrained build operations Thread 59" [_thread_blocked, id=7712, stack(0x000000b79c100000,0x000000b79c200000)]
  0x000001f8d5a1aa50 JavaThread "Unconstrained build operations Thread 60" [_thread_blocked, id=10064, stack(0x000000b79c200000,0x000000b79c300000)]
  0x000001f8d5a19be0 JavaThread "Unconstrained build operations Thread 61" [_thread_blocked, id=15384, stack(0x000000b79c300000,0x000000b79c400000)]
  0x000001f8dc012f10 JavaThread "Unconstrained build operations Thread 62" [_thread_blocked, id=2604, stack(0x000000b79c400000,0x000000b79c500000)]
  0x000001f8dc0120a0 JavaThread "Unconstrained build operations Thread 63" [_thread_blocked, id=9008, stack(0x000000b79c500000,0x000000b79c600000)]
  0x000001f8dc015a60 JavaThread "Unconstrained build operations Thread 64" [_thread_blocked, id=16608, stack(0x000000b79c600000,0x000000b79c700000)]
  0x000001f8dc012570 JavaThread "Unconstrained build operations Thread 65" [_thread_blocked, id=6948, stack(0x000000b79c700000,0x000000b79c800000)]
  0x000001f8dc0133e0 JavaThread "Unconstrained build operations Thread 66" [_thread_blocked, id=16408, stack(0x000000b79c800000,0x000000b79c900000)]
  0x000001f8dc014250 JavaThread "Unconstrained build operations Thread 67" [_thread_blocked, id=10332, stack(0x000000b79c900000,0x000000b79ca00000)]
  0x000001f8d66cc1f0 JavaThread "Unconstrained build operations Thread 68" [_thread_blocked, id=19224, stack(0x000000b79ca00000,0x000000b79cb00000)]
  0x000001f8d5a1b8c0 JavaThread "Unconstrained build operations Thread 69" [_thread_blocked, id=10536, stack(0x000000b79cb00000,0x000000b79cc00000)]
  0x000001f8d5a1c730 JavaThread "Unconstrained build operations Thread 70" [_thread_blocked, id=7280, stack(0x000000b79cc00000,0x000000b79cd00000)]
  0x000001f8d5a1b3f0 JavaThread "Unconstrained build operations Thread 71" [_thread_blocked, id=2276, stack(0x000000b79cd00000,0x000000b79ce00000)]
  0x000001f8d5a1bd90 JavaThread "Unconstrained build operations Thread 72" [_thread_blocked, id=14652, stack(0x000000b79ce00000,0x000000b79cf00000)]
  0x000001f8d5a1c260 JavaThread "Unconstrained build operations Thread 73" [_thread_blocked, id=13640, stack(0x000000b79cf00000,0x000000b79d000000)]
  0x000001f8dc1c47b0 JavaThread "Unconstrained build operations Thread 74" [_thread_blocked, id=11356, stack(0x000000b79d000000,0x000000b79d100000)]
  0x000001f8dc1c2ad0 JavaThread "Unconstrained build operations Thread 75" [_thread_blocked, id=5224, stack(0x000000b79d100000,0x000000b79d200000)]
  0x000001f8dc1c0df0 JavaThread "Unconstrained build operations Thread 76" [_thread_blocked, id=6248, stack(0x000000b79d200000,0x000000b79d300000)]
  0x000001f8dc1c1c60 JavaThread "Unconstrained build operations Thread 77" [_thread_blocked, id=5532, stack(0x000000b79d300000,0x000000b79d400000)]
  0x000001f8d4c119c0 JavaThread "Unconstrained build operations Thread 78" [_thread_blocked, id=11416, stack(0x000000b79d400000,0x000000b79d500000)]
  0x000001f8d4c0e000 JavaThread "Unconstrained build operations Thread 79" [_thread_blocked, id=4900, stack(0x000000b79d500000,0x000000b79d600000)]
  0x000001f8d4c0f810 JavaThread "Unconstrained build operations Thread 80" [_thread_blocked, id=12952, stack(0x000000b79d600000,0x000000b79d700000)]
  0x000001f8d302c6c0 JavaThread "build event listener" [_thread_blocked, id=12076, stack(0x000000b79d700000,0x000000b79d800000)]
  0x000001f8de0b6b60 JavaThread "included builds" [_thread_blocked, id=11336, stack(0x000000b79dd00000,0x000000b79de00000)]
  0x000001f8de0b7500 JavaThread "Execution worker" [_thread_blocked, id=14052, stack(0x000000b79df00000,0x000000b79e000000)]
  0x000001f8de0b79d0 JavaThread "Execution worker Thread 2" [_thread_blocked, id=1732, stack(0x000000b79e000000,0x000000b79e100000)]
  0x000001f8de0b7ea0 JavaThread "Execution worker Thread 3" [_thread_blocked, id=4820, stack(0x000000b79e100000,0x000000b79e200000)]
  0x000001f8d5a24f70 JavaThread "Execution worker Thread 4" [_thread_blocked, id=18720, stack(0x000000b79e200000,0x000000b79e300000)]
  0x000001f8d5a25de0 JavaThread "Execution worker Thread 5" [_thread_in_native, id=16796, stack(0x000000b79e300000,0x000000b79e400000)]
  0x000001f8d5a26780 JavaThread "Execution worker Thread 6" [_thread_blocked, id=16148, stack(0x000000b79e400000,0x000000b79e500000)]
  0x000001f8d5a24aa0 JavaThread "Execution worker Thread 7" [_thread_blocked, id=8324, stack(0x000000b79e500000,0x000000b79e600000)]
  0x000001f8dc1c2600 JavaThread "Cache worker for execution history cache (D:\Projects\MB_AndroidTv\Moviebeam\.gradle\7.5\executionHistory)" [_thread_blocked, id=17648, stack(0x000000b79e600000,0x000000b79e700000)]
  0x000001f8dd35aea0 JavaThread "WorkerExecutor Queue" [_thread_blocked, id=8000, stack(0x000000b79d800000,0x000000b79d900000)]
  0x000001f8db599e00 JavaThread "C2 CompilerThread1" daemon [_thread_blocked, id=16088, stack(0x000000b79d900000,0x000000b79da00000)]

Other Threads:
  0x000001f8cb1c6f10 VMThread "VM Thread" [stack: 0x000000b795700000,0x000000b795800000] [id=12404]
  0x000001f8cb3b20b0 WatcherThread [stack: 0x000000b796300000,0x000000b796400000] [id=9240]
  0x000001f8b1207830 GCTaskThread "GC Thread#0" [stack: 0x000000b795200000,0x000000b795300000] [id=11612]
  0x000001f8d03e8830 GCTaskThread "GC Thread#1" [stack: 0x000000b796600000,0x000000b796700000] [id=8164]
  0x000001f8cbdc6ca0 GCTaskThread "GC Thread#2" [stack: 0x000000b796700000,0x000000b796800000] [id=18960]
  0x000001f8cbb233f0 GCTaskThread "GC Thread#3" [stack: 0x000000b796800000,0x000000b796900000] [id=14580]
  0x000001f8cbb236a0 GCTaskThread "GC Thread#4" [stack: 0x000000b796900000,0x000000b796a00000] [id=15684]
  0x000001f8cbb23950 GCTaskThread "GC Thread#5" [stack: 0x000000b796a00000,0x000000b796b00000] [id=2496]
  0x000001f8d14bd1a0 GCTaskThread "GC Thread#6" [stack: 0x000000b797700000,0x000000b797800000] [id=7504]
  0x000001f8d16cb040 GCTaskThread "GC Thread#7" [stack: 0x000000b797800000,0x000000b797900000] [id=18164]
  0x000001f8b1218680 ConcurrentGCThread "G1 Main Marker" [stack: 0x000000b795300000,0x000000b795400000] [id=4720]
  0x000001f8b1219740 ConcurrentGCThread "G1 Conc#0" [stack: 0x000000b795400000,0x000000b795500000] [id=12956]
  0x000001f8d1aaa050 ConcurrentGCThread "G1 Conc#1" [stack: 0x000000b797900000,0x000000b797a00000] [id=10228]
  0x000001f8caeeba20 ConcurrentGCThread "G1 Refine#0" [stack: 0x000000b795500000,0x000000b795600000] [id=10720]
  0x000001f8d4fcaa50 ConcurrentGCThread "G1 Refine#1" [stack: 0x000000b79e900000,0x000000b79ea00000] [id=17392]
  0x000001f8d4fcad30 ConcurrentGCThread "G1 Refine#2" [stack: 0x000000b79ea00000,0x000000b79eb00000] [id=13812]
  0x000001f8d2c78cc0 ConcurrentGCThread "G1 Refine#3" [stack: 0x000000b79eb00000,0x000000b79ec00000] [id=15508]
  0x000001f8dcef5a90 ConcurrentGCThread "G1 Refine#4" [stack: 0x000000b79e800000,0x000000b79e900000] [id=13072]
  0x000001f8caeec250 ConcurrentGCThread "G1 Service" [stack: 0x000000b795600000,0x000000b795700000] [id=2044]

Threads with active compile tasks:
C2 CompilerThread0  11842797 56665       4       org.gradle.api.internal.file.FileCollectionBackedFileTree$2::visitCollection (98 bytes)

VM state: not at safepoint (normal execution)

VM Mutex/Monitor currently owned by a thread: None

Heap address: 0x0000000080000000, size: 2048 MB, Compressed Oops mode: 32-bit

CDS archive(s) not mapped
Compressed class space mapped at: 0x0000000100000000-0x0000000140000000, reserved size: 1073741824
Narrow klass base: 0x0000000000000000, Narrow klass shift: 3, Narrow klass range: 0x140000000

GC Precious Log:
 CPUs: 8 total, 8 available
 Memory: 16068M
 Large Page Support: Disabled
 NUMA Support: Disabled
 Compressed Oops: Enabled (32-bit)
 Heap Region Size: 1M
 Heap Min Capacity: 8M
 Heap Initial Capacity: 252M
 Heap Max Capacity: 2G
 Pre-touch: Disabled
 Parallel Workers: 8
 Concurrent Workers: 2
 Concurrent Refinement Workers: 8
 Periodic GC: Disabled

Heap:
 garbage-first heap   total 423936K, used 312802K [0x0000000080000000, 0x0000000100000000)
  region size 1024K, 189 young (193536K), 0 survivors (0K)
 Metaspace       used 166068K, committed 168576K, reserved 1245184K
  class space    used 21833K, committed 23104K, reserved 1048576K

Heap Regions: E=young(eden), S=young(survivor), O=old, HS=humongous(starts), HC=humongous(continues), CS=collection set, F=free, OA=open archive, CA=closed archive, TAMS=top-at-mark-start (previous, next)
|   0|0x0000000080000000, 0x0000000080100000, 0x0000000080100000|100%| O|  |TAMS 0x0000000080100000, 0x0000000080000000| Untracked 
|   1|0x0000000080100000, 0x0000000080200000, 0x0000000080200000|100%| O|  |TAMS 0x0000000080200000, 0x0000000080100000| Untracked 
|   2|0x0000000080200000, 0x00000000802fffe8, 0x0000000080300000| 99%| O|  |TAMS 0x00000000802fffe8, 0x0000000080200000| Untracked 
|   3|0x0000000080300000, 0x0000000080400000, 0x0000000080400000|100%|HS|  |TAMS 0x0000000080400000, 0x0000000080300000| Untracked 
|   4|0x0000000080400000, 0x0000000080500000, 0x0000000080500000|100%|HC|  |TAMS 0x0000000080500000, 0x0000000080400000| Untracked 
|   5|0x0000000080500000, 0x0000000080600000, 0x0000000080600000|100%|HC|  |TAMS 0x0000000080600000, 0x0000000080500000| Untracked 
|   6|0x0000000080600000, 0x0000000080700000, 0x0000000080700000|100%| O|  |TAMS 0x0000000080700000, 0x0000000080600000| Untracked 
|   7|0x0000000080700000, 0x0000000080800000, 0x0000000080800000|100%| O|  |TAMS 0x0000000080800000, 0x0000000080700000| Untracked 
|   8|0x0000000080800000, 0x00000000808ffff0, 0x0000000080900000| 99%| O|  |TAMS 0x00000000808ffff0, 0x0000000080800000| Untracked 
|   9|0x0000000080900000, 0x0000000080a00000, 0x0000000080a00000|100%|HS|  |TAMS 0x0000000080a00000, 0x0000000080900000| Untracked 
|  10|0x0000000080a00000, 0x0000000080afffe8, 0x0000000080b00000| 99%| O|  |TAMS 0x0000000080afffe8, 0x0000000080a00000| Untracked 
|  11|0x0000000080b00000, 0x0000000080c00000, 0x0000000080c00000|100%| O|  |TAMS 0x0000000080c00000, 0x0000000080b00000| Untracked 
|  12|0x0000000080c00000, 0x0000000080d00000, 0x0000000080d00000|100%| O|  |TAMS 0x0000000080d00000, 0x0000000080c00000| Untracked 
|  13|0x0000000080d00000, 0x0000000080dffff0, 0x0000000080e00000| 99%| O|  |TAMS 0x0000000080dffff0, 0x0000000080d00000| Untracked 
|  14|0x0000000080e00000, 0x0000000080f00000, 0x0000000080f00000|100%| O|  |TAMS 0x0000000080f00000, 0x0000000080e00000| Untracked 
|  15|0x0000000080f00000, 0x0000000081000000, 0x0000000081000000|100%| O|  |TAMS 0x0000000081000000, 0x0000000080f00000| Untracked 
|  16|0x0000000081000000, 0x00000000810fffd0, 0x0000000081100000| 99%| O|  |TAMS 0x00000000810fffd0, 0x0000000081000000| Untracked 
|  17|0x0000000081100000, 0x00000000811fffd8, 0x0000000081200000| 99%| O|  |TAMS 0x00000000811fffd8, 0x0000000081100000| Untracked 
|  18|0x0000000081200000, 0x0000000081300000, 0x0000000081300000|100%| O|  |TAMS 0x0000000081300000, 0x0000000081200000| Untracked 
|  19|0x0000000081300000, 0x00000000813ffff0, 0x0000000081400000| 99%| O|  |TAMS 0x00000000813ffff0, 0x0000000081300000| Untracked 
|  20|0x0000000081400000, 0x00000000814fff98, 0x0000000081500000| 99%| O|  |TAMS 0x00000000814fff98, 0x0000000081400000| Untracked 
|  21|0x0000000081500000, 0x00000000815f5fc0, 0x0000000081600000| 96%| O|  |TAMS 0x00000000815f5fc0, 0x0000000081500000| Untracked 
|  22|0x0000000081600000, 0x00000000816fffd0, 0x0000000081700000| 99%| O|  |TAMS 0x0000000081600000, 0x0000000081600000| Untracked 
|  23|0x0000000081700000, 0x00000000817ffff0, 0x0000000081800000| 99%| O|  |TAMS 0x0000000081700000, 0x0000000081700000| Untracked 
|  24|0x0000000081800000, 0x00000000818fffe8, 0x0000000081900000| 99%| O|  |TAMS 0x00000000818fffe8, 0x0000000081800000| Untracked 
|  25|0x0000000081900000, 0x00000000819ffff8, 0x0000000081a00000| 99%| O|  |TAMS 0x0000000081900000, 0x0000000081900000| Untracked 
|  26|0x0000000081a00000, 0x0000000081affff0, 0x0000000081b00000| 99%| O|  |TAMS 0x0000000081a00000, 0x0000000081a00000| Untracked 
|  27|0x0000000081b00000, 0x0000000081bc91d8, 0x0000000081c00000| 78%| O|  |TAMS 0x0000000081b00000, 0x0000000081b00000| Untracked 
|  28|0x0000000081c00000, 0x0000000081cfffc8, 0x0000000081d00000| 99%| O|  |TAMS 0x0000000081cfffc8, 0x0000000081c00000| Untracked 
|  29|0x0000000081d00000, 0x0000000081dffff0, 0x0000000081e00000| 99%| O|  |TAMS 0x0000000081d00000, 0x0000000081d00000| Untracked 
|  30|0x0000000081e00000, 0x0000000081f00000, 0x0000000081f00000|100%|HS|  |TAMS 0x0000000081f00000, 0x0000000081e00000| Untracked 
|  31|0x0000000081f00000, 0x0000000082000000, 0x0000000082000000|100%|HC|  |TAMS 0x0000000082000000, 0x0000000081f00000| Untracked 
|  32|0x0000000082000000, 0x0000000082100000, 0x0000000082100000|100%|HS|  |TAMS 0x0000000082100000, 0x0000000082000000| Untracked 
|  33|0x0000000082100000, 0x00000000821fffe8, 0x0000000082200000| 99%| O|  |TAMS 0x00000000821fffe8, 0x0000000082100000| Untracked 
|  34|0x0000000082200000, 0x00000000822fffd8, 0x0000000082300000| 99%| O|  |TAMS 0x00000000822fffd8, 0x0000000082200000| Untracked 
|  35|0x0000000082300000, 0x00000000823fffc8, 0x0000000082400000| 99%| O|  |TAMS 0x00000000823fffc8, 0x0000000082300000| Untracked 
|  36|0x0000000082400000, 0x00000000824ffe88, 0x0000000082500000| 99%| O|  |TAMS 0x00000000824ffe88, 0x0000000082400000| Untracked 
|  37|0x0000000082500000, 0x0000000082600000, 0x0000000082600000|100%|HS|  |TAMS 0x0000000082600000, 0x0000000082500000| Untracked 
|  38|0x0000000082600000, 0x0000000082700000, 0x0000000082700000|100%|HC|  |TAMS 0x0000000082700000, 0x0000000082600000| Untracked 
|  39|0x0000000082700000, 0x0000000082800000, 0x0000000082800000|100%|HC|  |TAMS 0x0000000082800000, 0x0000000082700000| Untracked 
|  40|0x0000000082800000, 0x0000000082900000, 0x0000000082900000|100%|HC|  |TAMS 0x0000000082900000, 0x0000000082800000| Untracked 
|  41|0x0000000082900000, 0x0000000082a00000, 0x0000000082a00000|100%| O|  |TAMS 0x0000000082a00000, 0x0000000082900000| Untracked 
|  42|0x0000000082a00000, 0x0000000082afffd0, 0x0000000082b00000| 99%| O|  |TAMS 0x0000000082a00000, 0x0000000082a00000| Untracked 
|  43|0x0000000082b00000, 0x0000000082bffff0, 0x0000000082c00000| 99%| O|  |TAMS 0x0000000082bffff0, 0x0000000082b00000| Untracked 
|  44|0x0000000082c00000, 0x0000000082cffff0, 0x0000000082d00000| 99%| O|  |TAMS 0x0000000082c00000, 0x0000000082c00000| Untracked 
|  45|0x0000000082d00000, 0x0000000082dffff8, 0x0000000082e00000| 99%| O|  |TAMS 0x0000000082dffff8, 0x0000000082d00000| Untracked 
|  46|0x0000000082e00000, 0x0000000082effff8, 0x0000000082f00000| 99%| O|  |TAMS 0x0000000082effff8, 0x0000000082e00000| Untracked 
|  47|0x0000000082f00000, 0x0000000083000000, 0x0000000083000000|100%| O|  |TAMS 0x0000000083000000, 0x0000000082f00000| Untracked 
|  48|0x0000000083000000, 0x00000000830ffff8, 0x0000000083100000| 99%| O|  |TAMS 0x00000000830ffff8, 0x0000000083000000| Untracked 
|  49|0x0000000083100000, 0x00000000831ffff8, 0x0000000083200000| 99%| O|  |TAMS 0x00000000831ffff8, 0x0000000083100000| Untracked 
|  50|0x0000000083200000, 0x00000000832fffa0, 0x0000000083300000| 99%| O|  |TAMS 0x00000000832fffa0, 0x0000000083200000| Untracked 
|  51|0x0000000083300000, 0x00000000833ffff0, 0x0000000083400000| 99%| O|  |TAMS 0x00000000833ffff0, 0x0000000083300000| Untracked 
|  52|0x0000000083400000, 0x0000000083500000, 0x0000000083500000|100%| O|  |TAMS 0x0000000083500000, 0x0000000083400000| Untracked 
|  53|0x0000000083500000, 0x00000000835ffff0, 0x0000000083600000| 99%| O|  |TAMS 0x0000000083500000, 0x0000000083500000| Untracked 
|  54|0x0000000083600000, 0x00000000836ffff8, 0x0000000083700000| 99%| O|  |TAMS 0x00000000836ffff8, 0x0000000083600000| Untracked 
|  55|0x0000000083700000, 0x00000000837ffff8, 0x0000000083800000| 99%| O|  |TAMS 0x00000000837ffff8, 0x0000000083700000| Untracked 
|  56|0x0000000083800000, 0x00000000838ffff8, 0x0000000083900000| 99%| O|  |TAMS 0x0000000083800000, 0x0000000083800000| Untracked 
|  57|0x0000000083900000, 0x00000000839ffff8, 0x0000000083a00000| 99%| O|  |TAMS 0x0000000083900000, 0x0000000083900000| Untracked 
|  58|0x0000000083a00000, 0x0000000083b00000, 0x0000000083b00000|100%| O|  |TAMS 0x0000000083a00000, 0x0000000083a00000| Untracked 
|  59|0x0000000083b00000, 0x0000000083bffff0, 0x0000000083c00000| 99%| O|  |TAMS 0x0000000083b00000, 0x0000000083b00000| Untracked 
|  60|0x0000000083c00000, 0x0000000083cfffd8, 0x0000000083d00000| 99%| O|  |TAMS 0x0000000083cfffd8, 0x0000000083c00000| Untracked 
|  61|0x0000000083d00000, 0x0000000083dffff0, 0x0000000083e00000| 99%| O|  |TAMS 0x0000000083d00000, 0x0000000083d00000| Untracked 
|  62|0x0000000083e00000, 0x0000000083efffd0, 0x0000000083f00000| 99%| O|  |TAMS 0x0000000083efffd0, 0x0000000083e00000| Untracked 
|  63|0x0000000083f00000, 0x0000000084000000, 0x0000000084000000|100%| O|  |TAMS 0x0000000083f00000, 0x0000000083f00000| Untracked 
|  64|0x0000000084000000, 0x00000000840ffff8, 0x0000000084100000| 99%| O|  |TAMS 0x0000000084000000, 0x0000000084000000| Untracked 
|  65|0x0000000084100000, 0x0000000084200000, 0x0000000084200000|100%| O|  |TAMS 0x0000000084200000, 0x0000000084100000| Untracked 
|  66|0x0000000084200000, 0x00000000842fffe8, 0x0000000084300000| 99%| O|  |TAMS 0x0000000084200000, 0x0000000084200000| Untracked 
|  67|0x0000000084300000, 0x00000000843fffd0, 0x0000000084400000| 99%| O|  |TAMS 0x0000000084300000, 0x0000000084300000| Untracked 
|  68|0x0000000084400000, 0x00000000844ffff8, 0x0000000084500000| 99%| O|  |TAMS 0x00000000844ffff8, 0x0000000084400000| Untracked 
|  69|0x0000000084500000, 0x0000000084600000, 0x0000000084600000|100%| O|  |TAMS 0x0000000084500000, 0x0000000084500000| Untracked 
|  70|0x0000000084600000, 0x00000000846ffff0, 0x0000000084700000| 99%| O|  |TAMS 0x00000000846ffff0, 0x0000000084600000| Untracked 
|  71|0x0000000084700000, 0x00000000847ffff8, 0x0000000084800000| 99%| O|  |TAMS 0x00000000847ffff8, 0x0000000084700000| Untracked 
|  72|0x0000000084800000, 0x00000000848ffff0, 0x0000000084900000| 99%| O|  |TAMS 0x0000000084800000, 0x0000000084800000| Untracked 
|  73|0x0000000084900000, 0x00000000849fffd0, 0x0000000084a00000| 99%| O|  |TAMS 0x00000000849fffd0, 0x0000000084900000| Untracked 
|  74|0x0000000084a00000, 0x0000000084afffd8, 0x0000000084b00000| 99%| O|  |TAMS 0x0000000084a00000, 0x0000000084a00000| Untracked 
|  75|0x0000000084b00000, 0x0000000084bfffd8, 0x0000000084c00000| 99%| O|  |TAMS 0x0000000084bfffd8, 0x0000000084b00000| Untracked 
|  76|0x0000000084c00000, 0x0000000084d00000, 0x0000000084d00000|100%| O|  |TAMS 0x0000000084c00000, 0x0000000084c00000| Untracked 
|  77|0x0000000084d00000, 0x0000000084e00000, 0x0000000084e00000|100%| O|  |TAMS 0x0000000084e00000, 0x0000000084d00000| Untracked 
|  78|0x0000000084e00000, 0x0000000084efffd0, 0x0000000084f00000| 99%| O|  |TAMS 0x0000000084e00000, 0x0000000084e00000| Untracked 
|  79|0x0000000084f00000, 0x0000000084ffffe8, 0x0000000085000000| 99%| O|  |TAMS 0x0000000084ffffe8, 0x0000000084f00000| Untracked 
|  80|0x0000000085000000, 0x00000000850ffff0, 0x0000000085100000| 99%| O|  |TAMS 0x0000000085000000, 0x0000000085000000| Untracked 
|  81|0x0000000085100000, 0x00000000851ffff0, 0x0000000085200000| 99%| O|  |TAMS 0x00000000851ffff0, 0x0000000085100000| Untracked 
|  82|0x0000000085200000, 0x00000000852fffb0, 0x0000000085300000| 99%| O|  |TAMS 0x0000000085200000, 0x0000000085200000| Untracked 
|  83|0x0000000085300000, 0x00000000853fffa8, 0x0000000085400000| 99%| O|  |TAMS 0x00000000853fffa8, 0x0000000085300000| Untracked 
|  84|0x0000000085400000, 0x00000000854ffff8, 0x0000000085500000| 99%| O|  |TAMS 0x0000000085400000, 0x0000000085400000| Untracked 
|  85|0x0000000085500000, 0x00000000855fffe8, 0x0000000085600000| 99%| O|  |TAMS 0x00000000855fffe8, 0x0000000085500000| Untracked 
|  86|0x0000000085600000, 0x0000000085700000, 0x0000000085700000|100%| O|  |TAMS 0x0000000085600000, 0x0000000085600000| Untracked 
|  87|0x0000000085700000, 0x00000000857fffd8, 0x0000000085800000| 99%| O|  |TAMS 0x0000000085700000, 0x0000000085700000| Untracked 
|  88|0x0000000085800000, 0x00000000858fffc8, 0x0000000085900000| 99%| O|  |TAMS 0x0000000085800000, 0x0000000085800000| Untracked 
|  89|0x0000000085900000, 0x0000000085a00000, 0x0000000085a00000|100%| O|  |TAMS 0x0000000085900000, 0x0000000085900000| Untracked 
|  90|0x0000000085a00000, 0x0000000085afffd0, 0x0000000085b00000| 99%| O|  |TAMS 0x0000000085a00000, 0x0000000085a00000| Untracked 
|  91|0x0000000085b00000, 0x0000000085bfec60, 0x0000000085c00000| 99%| O|  |TAMS 0x0000000085b00000, 0x0000000085b00000| Untracked 
|  92|0x0000000085c00000, 0x0000000085cffff8, 0x0000000085d00000| 99%| O|  |TAMS 0x0000000085cffff8, 0x0000000085c00000| Untracked 
|  93|0x0000000085d00000, 0x0000000085dfffd0, 0x0000000085e00000| 99%| O|  |TAMS 0x0000000085d00000, 0x0000000085d00000| Untracked 
|  94|0x0000000085e00000, 0x0000000085effff8, 0x0000000085f00000| 99%| O|  |TAMS 0x0000000085effff8, 0x0000000085e00000| Untracked 
|  95|0x0000000085f00000, 0x0000000085ffbd30, 0x0000000086000000| 98%| O|  |TAMS 0x0000000085f00000, 0x0000000085f00000| Untracked 
|  96|0x0000000086000000, 0x00000000860fffd0, 0x0000000086100000| 99%| O|  |TAMS 0x0000000086000000, 0x0000000086000000| Untracked 
|  97|0x0000000086100000, 0x00000000861ffff8, 0x0000000086200000| 99%| O|  |TAMS 0x0000000086100000, 0x0000000086100000| Untracked 
|  98|0x0000000086200000, 0x00000000862fff88, 0x0000000086300000| 99%| O|  |TAMS 0x0000000086200000, 0x0000000086200000| Untracked 
|  99|0x0000000086300000, 0x00000000863fffe0, 0x0000000086400000| 99%| O|  |TAMS 0x0000000086300000, 0x0000000086300000| Untracked 
| 100|0x0000000086400000, 0x00000000864ffe20, 0x0000000086500000| 99%| O|  |TAMS 0x0000000086400000, 0x0000000086400000| Untracked 
| 101|0x0000000086500000, 0x0000000086600000, 0x0000000086600000|100%| O|  |TAMS 0x0000000086600000, 0x0000000086500000| Untracked 
| 102|0x0000000086600000, 0x00000000866fffc8, 0x0000000086700000| 99%| O|  |TAMS 0x0000000086600000, 0x0000000086600000| Untracked 
| 103|0x0000000086700000, 0x00000000867fb670, 0x0000000086800000| 98%| O|  |TAMS 0x00000000867fb670, 0x0000000086700000| Untracked 
| 104|0x0000000086800000, 0x00000000868fffe8, 0x0000000086900000| 99%| O|  |TAMS 0x0000000086800000, 0x0000000086800000| Untracked 
| 105|0x0000000086900000, 0x00000000869fffd8, 0x0000000086a00000| 99%| O|  |TAMS 0x0000000086900000, 0x0000000086900000| Untracked 
| 106|0x0000000086a00000, 0x0000000086a5d758, 0x0000000086b00000| 36%| O|  |TAMS 0x0000000086a00000, 0x0000000086a00000| Untracked 
| 107|0x0000000086b00000, 0x0000000086bfffe8, 0x0000000086c00000| 99%| O|  |TAMS 0x0000000086b00000, 0x0000000086b00000| Untracked 
| 108|0x0000000086c00000, 0x0000000086c0da50, 0x0000000086d00000|  5%| O|  |TAMS 0x0000000086c00000, 0x0000000086c00000| Untracked 
| 109|0x0000000086d00000, 0x0000000086d522d8, 0x0000000086e00000| 32%| O|  |TAMS 0x0000000086d00000, 0x0000000086d00000| Untracked 
| 110|0x0000000086e00000, 0x0000000086e00000, 0x0000000086f00000|  0%| F|  |TAMS 0x0000000086e00000, 0x0000000086e00000| Untracked 
| 111|0x0000000086f00000, 0x0000000086f00000, 0x0000000087000000|  0%| F|  |TAMS 0x0000000086f00000, 0x0000000086f00000| Untracked 
| 112|0x0000000087000000, 0x0000000087039a90, 0x0000000087100000| 22%| O|  |TAMS 0x0000000087000000, 0x0000000087000000| Untracked 
| 113|0x0000000087100000, 0x0000000087107030, 0x0000000087200000|  2%| O|  |TAMS 0x0000000087100000, 0x0000000087100000| Untracked 
| 114|0x0000000087200000, 0x0000000087200000, 0x0000000087300000|  0%| F|  |TAMS 0x0000000087200000, 0x0000000087200000| Untracked 
| 115|0x0000000087300000, 0x0000000087300000, 0x0000000087400000|  0%| F|  |TAMS 0x0000000087300000, 0x0000000087300000| Untracked 
| 116|0x0000000087400000, 0x000000008749b040, 0x0000000087500000| 60%| O|  |TAMS 0x0000000087400000, 0x0000000087400000| Untracked 
| 117|0x0000000087500000, 0x0000000087600000, 0x0000000087600000|100%| O|  |TAMS 0x0000000087600000, 0x0000000087500000| Untracked 
| 118|0x0000000087600000, 0x0000000087600000, 0x0000000087700000|  0%| F|  |TAMS 0x0000000087600000, 0x0000000087600000| Untracked 
| 119|0x0000000087700000, 0x0000000087700000, 0x0000000087800000|  0%| F|  |TAMS 0x0000000087700000, 0x0000000087700000| Untracked 
| 120|0x0000000087800000, 0x0000000087800000, 0x0000000087900000|  0%| F|  |TAMS 0x0000000087800000, 0x0000000087800000| Untracked 
| 121|0x0000000087900000, 0x0000000087900000, 0x0000000087a00000|  0%| F|  |TAMS 0x0000000087900000, 0x0000000087900000| Untracked 
| 122|0x0000000087a00000, 0x0000000087a00000, 0x0000000087b00000|  0%| F|  |TAMS 0x0000000087a00000, 0x0000000087a00000| Untracked 
| 123|0x0000000087b00000, 0x0000000087b00000, 0x0000000087c00000|  0%| F|  |TAMS 0x0000000087b00000, 0x0000000087b00000| Untracked 
| 124|0x0000000087c00000, 0x0000000087cffff8, 0x0000000087d00000| 99%| O|  |TAMS 0x0000000087c00000, 0x0000000087c00000| Untracked 
| 125|0x0000000087d00000, 0x0000000087d00000, 0x0000000087e00000|  0%| F|  |TAMS 0x0000000087d00000, 0x0000000087d00000| Untracked 
| 126|0x0000000087e00000, 0x0000000087e00000, 0x0000000087f00000|  0%| F|  |TAMS 0x0000000087e00000, 0x0000000087e00000| Untracked 
| 127|0x0000000087f00000, 0x0000000088000000, 0x0000000088000000|100%|HS|  |TAMS 0x0000000088000000, 0x0000000087f00000| Untracked 
| 128|0x0000000088000000, 0x0000000088100000, 0x0000000088100000|100%|HC|  |TAMS 0x0000000088100000, 0x0000000088000000| Untracked 
| 129|0x0000000088100000, 0x0000000088200000, 0x0000000088200000|100%|HC|  |TAMS 0x0000000088200000, 0x0000000088100000| Untracked 
| 130|0x0000000088200000, 0x0000000088300000, 0x0000000088300000|100%|HC|  |TAMS 0x0000000088300000, 0x0000000088200000| Untracked 
| 131|0x0000000088300000, 0x000000008832b4f0, 0x0000000088400000| 16%| O|  |TAMS 0x0000000088300000, 0x0000000088300000| Untracked 
| 132|0x0000000088400000, 0x0000000088400000, 0x0000000088500000|  0%| F|  |TAMS 0x0000000088400000, 0x0000000088400000| Untracked 
| 133|0x0000000088500000, 0x0000000088500000, 0x0000000088600000|  0%| F|  |TAMS 0x0000000088500000, 0x0000000088500000| Untracked 
| 134|0x0000000088600000, 0x0000000088600000, 0x0000000088700000|  0%| F|  |TAMS 0x0000000088600000, 0x0000000088600000| Untracked 
| 135|0x0000000088700000, 0x0000000088700000, 0x0000000088800000|  0%| F|  |TAMS 0x0000000088700000, 0x0000000088700000| Untracked 
| 136|0x0000000088800000, 0x0000000088800000, 0x0000000088900000|  0%| F|  |TAMS 0x0000000088800000, 0x0000000088800000| Untracked 
| 137|0x0000000088900000, 0x0000000088900000, 0x0000000088a00000|  0%| F|  |TAMS 0x0000000088900000, 0x0000000088900000| Untracked 
| 138|0x0000000088a00000, 0x0000000088a00000, 0x0000000088b00000|  0%| F|  |TAMS 0x0000000088a00000, 0x0000000088a00000| Untracked 
| 139|0x0000000088b00000, 0x0000000088b00000, 0x0000000088c00000|  0%| F|  |TAMS 0x0000000088b00000, 0x0000000088b00000| Untracked 
| 140|0x0000000088c00000, 0x0000000088c00000, 0x0000000088d00000|  0%| F|  |TAMS 0x0000000088c00000, 0x0000000088c00000| Untracked 
| 141|0x0000000088d00000, 0x0000000088d00000, 0x0000000088e00000|  0%| F|  |TAMS 0x0000000088d00000, 0x0000000088d00000| Untracked 
| 142|0x0000000088e00000, 0x0000000088e00000, 0x0000000088f00000|  0%| F|  |TAMS 0x0000000088e00000, 0x0000000088e00000| Untracked 
| 143|0x0000000088f00000, 0x0000000088f00000, 0x0000000089000000|  0%| F|  |TAMS 0x0000000088f00000, 0x0000000088f00000| Untracked 
| 144|0x0000000089000000, 0x0000000089000000, 0x0000000089100000|  0%| F|  |TAMS 0x0000000089000000, 0x0000000089000000| Untracked 
| 145|0x0000000089100000, 0x0000000089100000, 0x0000000089200000|  0%| F|  |TAMS 0x0000000089100000, 0x0000000089100000| Untracked 
| 146|0x0000000089200000, 0x0000000089200000, 0x0000000089300000|  0%| F|  |TAMS 0x0000000089200000, 0x0000000089200000| Untracked 
| 147|0x0000000089300000, 0x0000000089300000, 0x0000000089400000|  0%| F|  |TAMS 0x0000000089300000, 0x0000000089300000| Untracked 
| 148|0x0000000089400000, 0x0000000089400000, 0x0000000089500000|  0%| F|  |TAMS 0x0000000089400000, 0x0000000089400000| Untracked 
| 149|0x0000000089500000, 0x0000000089600000, 0x0000000089600000|100%|HS|  |TAMS 0x0000000089600000, 0x0000000089500000| Untracked 
| 150|0x0000000089600000, 0x0000000089700000, 0x0000000089700000|100%|HC|  |TAMS 0x0000000089700000, 0x0000000089600000| Untracked 
| 151|0x0000000089700000, 0x0000000089700000, 0x0000000089800000|  0%| F|  |TAMS 0x0000000089700000, 0x0000000089700000| Untracked 
| 152|0x0000000089800000, 0x0000000089800000, 0x0000000089900000|  0%| F|  |TAMS 0x0000000089800000, 0x0000000089800000| Untracked 
| 153|0x0000000089900000, 0x0000000089900000, 0x0000000089a00000|  0%| F|  |TAMS 0x0000000089900000, 0x0000000089900000| Untracked 
| 154|0x0000000089a00000, 0x0000000089a00000, 0x0000000089b00000|  0%| F|  |TAMS 0x0000000089a00000, 0x0000000089a00000| Untracked 
| 155|0x0000000089b00000, 0x0000000089b00000, 0x0000000089c00000|  0%| F|  |TAMS 0x0000000089b00000, 0x0000000089b00000| Untracked 
| 156|0x0000000089c00000, 0x0000000089c00000, 0x0000000089d00000|  0%| F|  |TAMS 0x0000000089c00000, 0x0000000089c00000| Untracked 
| 157|0x0000000089d00000, 0x0000000089d00000, 0x0000000089e00000|  0%| F|  |TAMS 0x0000000089d00000, 0x0000000089d00000| Untracked 
| 158|0x0000000089e00000, 0x0000000089e00000, 0x0000000089f00000|  0%| F|  |TAMS 0x0000000089e00000, 0x0000000089e00000| Untracked 
| 159|0x0000000089f00000, 0x0000000089f00000, 0x000000008a000000|  0%| F|  |TAMS 0x0000000089f00000, 0x0000000089f00000| Untracked 
| 160|0x000000008a000000, 0x000000008a000000, 0x000000008a100000|  0%| F|  |TAMS 0x000000008a000000, 0x000000008a000000| Untracked 
| 161|0x000000008a100000, 0x000000008a100000, 0x000000008a200000|  0%| F|  |TAMS 0x000000008a100000, 0x000000008a100000| Untracked 
| 162|0x000000008a200000, 0x000000008a200000, 0x000000008a300000|  0%| F|  |TAMS 0x000000008a200000, 0x000000008a200000| Untracked 
| 163|0x000000008a300000, 0x000000008a300000, 0x000000008a400000|  0%| F|  |TAMS 0x000000008a300000, 0x000000008a300000| Untracked 
| 164|0x000000008a400000, 0x000000008a400000, 0x000000008a500000|  0%| F|  |TAMS 0x000000008a400000, 0x000000008a400000| Untracked 
| 165|0x000000008a500000, 0x000000008a500000, 0x000000008a600000|  0%| F|  |TAMS 0x000000008a500000, 0x000000008a500000| Untracked 
| 166|0x000000008a600000, 0x000000008a600000, 0x000000008a700000|  0%| F|  |TAMS 0x000000008a600000, 0x000000008a600000| Untracked 
| 167|0x000000008a700000, 0x000000008a700000, 0x000000008a800000|  0%| F|  |TAMS 0x000000008a700000, 0x000000008a700000| Untracked 
| 168|0x000000008a800000, 0x000000008a800000, 0x000000008a900000|  0%| F|  |TAMS 0x000000008a800000, 0x000000008a800000| Untracked 
| 169|0x000000008a900000, 0x000000008a900000, 0x000000008aa00000|  0%| F|  |TAMS 0x000000008a900000, 0x000000008a900000| Untracked 
| 170|0x000000008aa00000, 0x000000008aa00000, 0x000000008ab00000|  0%| F|  |TAMS 0x000000008aa00000, 0x000000008aa00000| Untracked 
| 171|0x000000008ab00000, 0x000000008ab00000, 0x000000008ac00000|  0%| F|  |TAMS 0x000000008ab00000, 0x000000008ab00000| Untracked 
| 172|0x000000008ac00000, 0x000000008ac00000, 0x000000008ad00000|  0%| F|  |TAMS 0x000000008ac00000, 0x000000008ac00000| Untracked 
| 173|0x000000008ad00000, 0x000000008ad00000, 0x000000008ae00000|  0%| F|  |TAMS 0x000000008ad00000, 0x000000008ad00000| Untracked 
| 174|0x000000008ae00000, 0x000000008ae00000, 0x000000008af00000|  0%| F|  |TAMS 0x000000008ae00000, 0x000000008ae00000| Untracked 
| 175|0x000000008af00000, 0x000000008af00000, 0x000000008b000000|  0%| F|  |TAMS 0x000000008af00000, 0x000000008af00000| Untracked 
| 176|0x000000008b000000, 0x000000008b000000, 0x000000008b100000|  0%| F|  |TAMS 0x000000008b000000, 0x000000008b000000| Untracked 
| 177|0x000000008b100000, 0x000000008b100000, 0x000000008b200000|  0%| F|  |TAMS 0x000000008b100000, 0x000000008b100000| Untracked 
| 178|0x000000008b200000, 0x000000008b200000, 0x000000008b300000|  0%| F|  |TAMS 0x000000008b200000, 0x000000008b200000| Untracked 
| 179|0x000000008b300000, 0x000000008b300000, 0x000000008b400000|  0%| F|  |TAMS 0x000000008b300000, 0x000000008b300000| Untracked 
| 180|0x000000008b400000, 0x000000008b400000, 0x000000008b500000|  0%| F|  |TAMS 0x000000008b400000, 0x000000008b400000| Untracked 
| 181|0x000000008b500000, 0x000000008b500000, 0x000000008b600000|  0%| F|  |TAMS 0x000000008b500000, 0x000000008b500000| Untracked 
| 182|0x000000008b600000, 0x000000008b600000, 0x000000008b700000|  0%| F|  |TAMS 0x000000008b600000, 0x000000008b600000| Untracked 
| 183|0x000000008b700000, 0x000000008b700000, 0x000000008b800000|  0%| F|  |TAMS 0x000000008b700000, 0x000000008b700000| Untracked 
| 184|0x000000008b800000, 0x000000008b800000, 0x000000008b900000|  0%| F|  |TAMS 0x000000008b800000, 0x000000008b800000| Untracked 
| 185|0x000000008b900000, 0x000000008b900000, 0x000000008ba00000|  0%| F|  |TAMS 0x000000008b900000, 0x000000008b900000| Untracked 
| 186|0x000000008ba00000, 0x000000008ba00000, 0x000000008bb00000|  0%| F|  |TAMS 0x000000008ba00000, 0x000000008ba00000| Untracked 
| 187|0x000000008bb00000, 0x000000008bb00000, 0x000000008bc00000|  0%| F|  |TAMS 0x000000008bb00000, 0x000000008bb00000| Untracked 
| 188|0x000000008bc00000, 0x000000008bc00000, 0x000000008bd00000|  0%| F|  |TAMS 0x000000008bc00000, 0x000000008bc00000| Untracked 
| 189|0x000000008bd00000, 0x000000008bd00000, 0x000000008be00000|  0%| F|  |TAMS 0x000000008bd00000, 0x000000008bd00000| Untracked 
| 190|0x000000008be00000, 0x000000008be00000, 0x000000008bf00000|  0%| F|  |TAMS 0x000000008be00000, 0x000000008be00000| Untracked 
| 191|0x000000008bf00000, 0x000000008bf00000, 0x000000008c000000|  0%| F|  |TAMS 0x000000008bf00000, 0x000000008bf00000| Untracked 
| 192|0x000000008c000000, 0x000000008c000000, 0x000000008c100000|  0%| F|  |TAMS 0x000000008c000000, 0x000000008c000000| Untracked 
| 193|0x000000008c100000, 0x000000008c100000, 0x000000008c200000|  0%| F|  |TAMS 0x000000008c100000, 0x000000008c100000| Untracked 
| 194|0x000000008c200000, 0x000000008c200000, 0x000000008c300000|  0%| F|  |TAMS 0x000000008c200000, 0x000000008c200000| Untracked 
| 195|0x000000008c300000, 0x000000008c300000, 0x000000008c400000|  0%| F|  |TAMS 0x000000008c300000, 0x000000008c300000| Untracked 
| 196|0x000000008c400000, 0x000000008c400000, 0x000000008c500000|  0%| F|  |TAMS 0x000000008c400000, 0x000000008c400000| Untracked 
| 197|0x000000008c500000, 0x000000008c500000, 0x000000008c600000|  0%| F|  |TAMS 0x000000008c500000, 0x000000008c500000| Untracked 
| 198|0x000000008c600000, 0x000000008c600000, 0x000000008c700000|  0%| F|  |TAMS 0x000000008c600000, 0x000000008c600000| Untracked 
| 199|0x000000008c700000, 0x000000008c700000, 0x000000008c800000|  0%| F|  |TAMS 0x000000008c700000, 0x000000008c700000| Untracked 
| 200|0x000000008c800000, 0x000000008c800000, 0x000000008c900000|  0%| F|  |TAMS 0x000000008c800000, 0x000000008c800000| Untracked 
| 201|0x000000008c900000, 0x000000008c900000, 0x000000008ca00000|  0%| F|  |TAMS 0x000000008c900000, 0x000000008c900000| Untracked 
| 202|0x000000008ca00000, 0x000000008ca00000, 0x000000008cb00000|  0%| F|  |TAMS 0x000000008ca00000, 0x000000008ca00000| Untracked 
| 203|0x000000008cb00000, 0x000000008cb00000, 0x000000008cc00000|  0%| F|  |TAMS 0x000000008cb00000, 0x000000008cb00000| Untracked 
| 204|0x000000008cc00000, 0x000000008cc00000, 0x000000008cd00000|  0%| F|  |TAMS 0x000000008cc00000, 0x000000008cc00000| Untracked 
| 205|0x000000008cd00000, 0x000000008cd00000, 0x000000008ce00000|  0%| F|  |TAMS 0x000000008cd00000, 0x000000008cd00000| Untracked 
| 206|0x000000008ce00000, 0x000000008ce00000, 0x000000008cf00000|  0%| F|  |TAMS 0x000000008ce00000, 0x000000008ce00000| Untracked 
| 207|0x000000008cf00000, 0x000000008cf00000, 0x000000008d000000|  0%| F|  |TAMS 0x000000008cf00000, 0x000000008cf00000| Untracked 
| 208|0x000000008d000000, 0x000000008d000000, 0x000000008d100000|  0%| F|  |TAMS 0x000000008d000000, 0x000000008d000000| Untracked 
| 209|0x000000008d100000, 0x000000008d100000, 0x000000008d200000|  0%| F|  |TAMS 0x000000008d100000, 0x000000008d100000| Untracked 
| 210|0x000000008d200000, 0x000000008d200000, 0x000000008d300000|  0%| F|  |TAMS 0x000000008d200000, 0x000000008d200000| Untracked 
| 211|0x000000008d300000, 0x000000008d300000, 0x000000008d400000|  0%| F|  |TAMS 0x000000008d300000, 0x000000008d300000| Untracked 
| 212|0x000000008d400000, 0x000000008d400000, 0x000000008d500000|  0%| F|  |TAMS 0x000000008d400000, 0x000000008d400000| Untracked 
| 213|0x000000008d500000, 0x000000008d500000, 0x000000008d600000|  0%| F|  |TAMS 0x000000008d500000, 0x000000008d500000| Untracked 
| 214|0x000000008d600000, 0x000000008d700000, 0x000000008d700000|100%|HS|  |TAMS 0x000000008d700000, 0x000000008d600000| Untracked 
| 215|0x000000008d700000, 0x000000008d800000, 0x000000008d800000|100%|HC|  |TAMS 0x000000008d800000, 0x000000008d700000| Untracked 
| 216|0x000000008d800000, 0x000000008d800000, 0x000000008d900000|  0%| F|  |TAMS 0x000000008d800000, 0x000000008d800000| Untracked 
| 217|0x000000008d900000, 0x000000008d900000, 0x000000008da00000|  0%| F|  |TAMS 0x000000008d900000, 0x000000008d900000| Untracked 
| 218|0x000000008da00000, 0x000000008da00000, 0x000000008db00000|  0%| F|  |TAMS 0x000000008da00000, 0x000000008da00000| Untracked 
| 219|0x000000008db00000, 0x000000008db00000, 0x000000008dc00000|  0%| F|  |TAMS 0x000000008db00000, 0x000000008db00000| Untracked 
| 220|0x000000008dc00000, 0x000000008dc00000, 0x000000008dd00000|  0%| F|  |TAMS 0x000000008dc00000, 0x000000008dc00000| Untracked 
| 221|0x000000008dd00000, 0x000000008dd00000, 0x000000008de00000|  0%| F|  |TAMS 0x000000008dd00000, 0x000000008dd00000| Untracked 
| 222|0x000000008de00000, 0x000000008de00000, 0x000000008df00000|  0%| F|  |TAMS 0x000000008de00000, 0x000000008de00000| Untracked 
| 223|0x000000008df00000, 0x000000008df00000, 0x000000008e000000|  0%| F|  |TAMS 0x000000008df00000, 0x000000008df00000| Untracked 
| 224|0x000000008e000000, 0x000000008e000000, 0x000000008e100000|  0%| F|  |TAMS 0x000000008e000000, 0x000000008e000000| Untracked 
| 225|0x000000008e100000, 0x000000008e185c60, 0x000000008e200000| 52%| E|  |TAMS 0x000000008e100000, 0x000000008e100000| Complete 
| 226|0x000000008e200000, 0x000000008e300000, 0x000000008e300000|100%| E|CS|TAMS 0x000000008e200000, 0x000000008e200000| Complete 
| 227|0x000000008e300000, 0x000000008e400000, 0x000000008e400000|100%| E|CS|TAMS 0x000000008e300000, 0x000000008e300000| Complete 
| 228|0x000000008e400000, 0x000000008e500000, 0x000000008e500000|100%| E|CS|TAMS 0x000000008e400000, 0x000000008e400000| Complete 
| 229|0x000000008e500000, 0x000000008e600000, 0x000000008e600000|100%| E|CS|TAMS 0x000000008e500000, 0x000000008e500000| Complete 
| 230|0x000000008e600000, 0x000000008e700000, 0x000000008e700000|100%| E|CS|TAMS 0x000000008e600000, 0x000000008e600000| Complete 
| 231|0x000000008e700000, 0x000000008e800000, 0x000000008e800000|100%| E|CS|TAMS 0x000000008e700000, 0x000000008e700000| Complete 
| 232|0x000000008e800000, 0x000000008e900000, 0x000000008e900000|100%| E|CS|TAMS 0x000000008e800000, 0x000000008e800000| Complete 
| 233|0x000000008e900000, 0x000000008ea00000, 0x000000008ea00000|100%| E|CS|TAMS 0x000000008e900000, 0x000000008e900000| Complete 
| 234|0x000000008ea00000, 0x000000008eb00000, 0x000000008eb00000|100%| E|CS|TAMS 0x000000008ea00000, 0x000000008ea00000| Complete 
| 235|0x000000008eb00000, 0x000000008ec00000, 0x000000008ec00000|100%| E|CS|TAMS 0x000000008eb00000, 0x000000008eb00000| Complete 
| 236|0x000000008ec00000, 0x000000008ed00000, 0x000000008ed00000|100%| E|CS|TAMS 0x000000008ec00000, 0x000000008ec00000| Complete 
| 237|0x000000008ed00000, 0x000000008ee00000, 0x000000008ee00000|100%| E|CS|TAMS 0x000000008ed00000, 0x000000008ed00000| Complete 
| 238|0x000000008ee00000, 0x000000008ef00000, 0x000000008ef00000|100%| E|CS|TAMS 0x000000008ee00000, 0x000000008ee00000| Complete 
| 239|0x000000008ef00000, 0x000000008f000000, 0x000000008f000000|100%| E|CS|TAMS 0x000000008ef00000, 0x000000008ef00000| Complete 
| 240|0x000000008f000000, 0x000000008f100000, 0x000000008f100000|100%| E|CS|TAMS 0x000000008f000000, 0x000000008f000000| Complete 
| 241|0x000000008f100000, 0x000000008f200000, 0x000000008f200000|100%| E|CS|TAMS 0x000000008f100000, 0x000000008f100000| Complete 
| 242|0x000000008f200000, 0x000000008f300000, 0x000000008f300000|100%| E|CS|TAMS 0x000000008f200000, 0x000000008f200000| Complete 
| 243|0x000000008f300000, 0x000000008f400000, 0x000000008f400000|100%| E|CS|TAMS 0x000000008f300000, 0x000000008f300000| Complete 
| 244|0x000000008f400000, 0x000000008f500000, 0x000000008f500000|100%| E|CS|TAMS 0x000000008f400000, 0x000000008f400000| Complete 
| 245|0x000000008f500000, 0x000000008f600000, 0x000000008f600000|100%| E|CS|TAMS 0x000000008f500000, 0x000000008f500000| Complete 
| 246|0x000000008f600000, 0x000000008f700000, 0x000000008f700000|100%| E|CS|TAMS 0x000000008f600000, 0x000000008f600000| Complete 
| 247|0x000000008f700000, 0x000000008f800000, 0x000000008f800000|100%| E|CS|TAMS 0x000000008f700000, 0x000000008f700000| Complete 
| 248|0x000000008f800000, 0x000000008f900000, 0x000000008f900000|100%| E|CS|TAMS 0x000000008f800000, 0x000000008f800000| Complete 
| 249|0x000000008f900000, 0x000000008fa00000, 0x000000008fa00000|100%| E|CS|TAMS 0x000000008f900000, 0x000000008f900000| Complete 
| 250|0x000000008fa00000, 0x000000008fb00000, 0x000000008fb00000|100%| E|CS|TAMS 0x000000008fa00000, 0x000000008fa00000| Complete 
| 251|0x000000008fb00000, 0x000000008fc00000, 0x000000008fc00000|100%| E|CS|TAMS 0x000000008fb00000, 0x000000008fb00000| Complete 
| 252|0x000000008fc00000, 0x000000008fd00000, 0x000000008fd00000|100%| E|CS|TAMS 0x000000008fc00000, 0x000000008fc00000| Complete 
| 253|0x000000008fd00000, 0x000000008fe00000, 0x000000008fe00000|100%| E|CS|TAMS 0x000000008fd00000, 0x000000008fd00000| Complete 
| 254|0x000000008fe00000, 0x000000008ff00000, 0x000000008ff00000|100%| E|CS|TAMS 0x000000008fe00000, 0x000000008fe00000| Complete 
| 255|0x000000008ff00000, 0x0000000090000000, 0x0000000090000000|100%| E|CS|TAMS 0x000000008ff00000, 0x000000008ff00000| Complete 
| 256|0x0000000090000000, 0x0000000090100000, 0x0000000090100000|100%| E|CS|TAMS 0x0000000090000000, 0x0000000090000000| Complete 
| 257|0x0000000090100000, 0x0000000090200000, 0x0000000090200000|100%| E|CS|TAMS 0x0000000090100000, 0x0000000090100000| Complete 
| 258|0x0000000090200000, 0x0000000090300000, 0x0000000090300000|100%| E|CS|TAMS 0x0000000090200000, 0x0000000090200000| Complete 
| 259|0x0000000090300000, 0x0000000090400000, 0x0000000090400000|100%| E|CS|TAMS 0x0000000090300000, 0x0000000090300000| Complete 
| 260|0x0000000090400000, 0x0000000090500000, 0x0000000090500000|100%| E|CS|TAMS 0x0000000090400000, 0x0000000090400000| Complete 
| 261|0x0000000090500000, 0x0000000090600000, 0x0000000090600000|100%| E|CS|TAMS 0x0000000090500000, 0x0000000090500000| Complete 
| 262|0x0000000090600000, 0x0000000090700000, 0x0000000090700000|100%| E|CS|TAMS 0x0000000090600000, 0x0000000090600000| Complete 
| 263|0x0000000090700000, 0x0000000090800000, 0x0000000090800000|100%| E|CS|TAMS 0x0000000090700000, 0x0000000090700000| Complete 
| 264|0x0000000090800000, 0x0000000090900000, 0x0000000090900000|100%| E|CS|TAMS 0x0000000090800000, 0x0000000090800000| Complete 
| 265|0x0000000090900000, 0x0000000090a00000, 0x0000000090a00000|100%| E|CS|TAMS 0x0000000090900000, 0x0000000090900000| Complete 
| 266|0x0000000090a00000, 0x0000000090b00000, 0x0000000090b00000|100%| E|CS|TAMS 0x0000000090a00000, 0x0000000090a00000| Complete 
| 267|0x0000000090b00000, 0x0000000090c00000, 0x0000000090c00000|100%| E|CS|TAMS 0x0000000090b00000, 0x0000000090b00000| Complete 
| 268|0x0000000090c00000, 0x0000000090d00000, 0x0000000090d00000|100%| E|CS|TAMS 0x0000000090c00000, 0x0000000090c00000| Complete 
| 269|0x0000000090d00000, 0x0000000090e00000, 0x0000000090e00000|100%| E|CS|TAMS 0x0000000090d00000, 0x0000000090d00000| Complete 
| 270|0x0000000090e00000, 0x0000000090f00000, 0x0000000090f00000|100%| E|CS|TAMS 0x0000000090e00000, 0x0000000090e00000| Complete 
| 271|0x0000000090f00000, 0x0000000091000000, 0x0000000091000000|100%| E|CS|TAMS 0x0000000090f00000, 0x0000000090f00000| Complete 
| 272|0x0000000091000000, 0x0000000091100000, 0x0000000091100000|100%| E|CS|TAMS 0x0000000091000000, 0x0000000091000000| Complete 
| 273|0x0000000091100000, 0x0000000091200000, 0x0000000091200000|100%| E|CS|TAMS 0x0000000091100000, 0x0000000091100000| Complete 
| 274|0x0000000091200000, 0x0000000091300000, 0x0000000091300000|100%| E|CS|TAMS 0x0000000091200000, 0x0000000091200000| Complete 
| 275|0x0000000091300000, 0x0000000091400000, 0x0000000091400000|100%| E|CS|TAMS 0x0000000091300000, 0x0000000091300000| Complete 
| 276|0x0000000091400000, 0x0000000091500000, 0x0000000091500000|100%| E|CS|TAMS 0x0000000091400000, 0x0000000091400000| Complete 
| 277|0x0000000091500000, 0x0000000091600000, 0x0000000091600000|100%| E|CS|TAMS 0x0000000091500000, 0x0000000091500000| Complete 
| 278|0x0000000091600000, 0x0000000091700000, 0x0000000091700000|100%| E|CS|TAMS 0x0000000091600000, 0x0000000091600000| Complete 
| 279|0x0000000091700000, 0x0000000091800000, 0x0000000091800000|100%| E|CS|TAMS 0x0000000091700000, 0x0000000091700000| Complete 
| 280|0x0000000091800000, 0x0000000091900000, 0x0000000091900000|100%| E|CS|TAMS 0x0000000091800000, 0x0000000091800000| Complete 
| 281|0x0000000091900000, 0x0000000091a00000, 0x0000000091a00000|100%| E|CS|TAMS 0x0000000091900000, 0x0000000091900000| Complete 
| 282|0x0000000091a00000, 0x0000000091b00000, 0x0000000091b00000|100%| E|CS|TAMS 0x0000000091a00000, 0x0000000091a00000| Complete 
| 283|0x0000000091b00000, 0x0000000091c00000, 0x0000000091c00000|100%| E|CS|TAMS 0x0000000091b00000, 0x0000000091b00000| Complete 
| 284|0x0000000091c00000, 0x0000000091d00000, 0x0000000091d00000|100%| E|CS|TAMS 0x0000000091c00000, 0x0000000091c00000| Complete 
| 285|0x0000000091d00000, 0x0000000091e00000, 0x0000000091e00000|100%| E|CS|TAMS 0x0000000091d00000, 0x0000000091d00000| Complete 
| 286|0x0000000091e00000, 0x0000000091f00000, 0x0000000091f00000|100%| E|CS|TAMS 0x0000000091e00000, 0x0000000091e00000| Complete 
| 287|0x0000000091f00000, 0x0000000092000000, 0x0000000092000000|100%| E|CS|TAMS 0x0000000091f00000, 0x0000000091f00000| Complete 
| 288|0x0000000092000000, 0x0000000092100000, 0x0000000092100000|100%| E|CS|TAMS 0x0000000092000000, 0x0000000092000000| Complete 
| 289|0x0000000092100000, 0x0000000092200000, 0x0000000092200000|100%| E|CS|TAMS 0x0000000092100000, 0x0000000092100000| Complete 
| 290|0x0000000092200000, 0x0000000092300000, 0x0000000092300000|100%| E|CS|TAMS 0x0000000092200000, 0x0000000092200000| Complete 
| 291|0x0000000092300000, 0x0000000092400000, 0x0000000092400000|100%| E|CS|TAMS 0x0000000092300000, 0x0000000092300000| Complete 
| 292|0x0000000092400000, 0x0000000092500000, 0x0000000092500000|100%| E|CS|TAMS 0x0000000092400000, 0x0000000092400000| Complete 
| 293|0x0000000092500000, 0x0000000092600000, 0x0000000092600000|100%| E|CS|TAMS 0x0000000092500000, 0x0000000092500000| Complete 
| 294|0x0000000092600000, 0x0000000092700000, 0x0000000092700000|100%| E|CS|TAMS 0x0000000092600000, 0x0000000092600000| Complete 
| 295|0x0000000092700000, 0x0000000092800000, 0x0000000092800000|100%| E|CS|TAMS 0x0000000092700000, 0x0000000092700000| Complete 
| 296|0x0000000092800000, 0x0000000092900000, 0x0000000092900000|100%| E|CS|TAMS 0x0000000092800000, 0x0000000092800000| Complete 
| 297|0x0000000092900000, 0x0000000092a00000, 0x0000000092a00000|100%| E|CS|TAMS 0x0000000092900000, 0x0000000092900000| Complete 
| 298|0x0000000092a00000, 0x0000000092b00000, 0x0000000092b00000|100%| E|CS|TAMS 0x0000000092a00000, 0x0000000092a00000| Complete 
| 299|0x0000000092b00000, 0x0000000092c00000, 0x0000000092c00000|100%| E|CS|TAMS 0x0000000092b00000, 0x0000000092b00000| Complete 
| 300|0x0000000092c00000, 0x0000000092d00000, 0x0000000092d00000|100%| E|CS|TAMS 0x0000000092c00000, 0x0000000092c00000| Complete 
| 301|0x0000000092d00000, 0x0000000092e00000, 0x0000000092e00000|100%| E|CS|TAMS 0x0000000092d00000, 0x0000000092d00000| Complete 
| 302|0x0000000092e00000, 0x0000000092f00000, 0x0000000092f00000|100%| E|CS|TAMS 0x0000000092e00000, 0x0000000092e00000| Complete 
| 303|0x0000000092f00000, 0x0000000093000000, 0x0000000093000000|100%| E|CS|TAMS 0x0000000092f00000, 0x0000000092f00000| Complete 
| 304|0x0000000093000000, 0x0000000093100000, 0x0000000093100000|100%| E|CS|TAMS 0x0000000093000000, 0x0000000093000000| Complete 
| 305|0x0000000093100000, 0x0000000093200000, 0x0000000093200000|100%| E|CS|TAMS 0x0000000093100000, 0x0000000093100000| Complete 
| 306|0x0000000093200000, 0x0000000093300000, 0x0000000093300000|100%| E|CS|TAMS 0x0000000093200000, 0x0000000093200000| Complete 
| 307|0x0000000093300000, 0x0000000093400000, 0x0000000093400000|100%| E|CS|TAMS 0x0000000093300000, 0x0000000093300000| Complete 
| 308|0x0000000093400000, 0x0000000093500000, 0x0000000093500000|100%| E|CS|TAMS 0x0000000093400000, 0x0000000093400000| Complete 
| 309|0x0000000093500000, 0x0000000093600000, 0x0000000093600000|100%| E|CS|TAMS 0x0000000093500000, 0x0000000093500000| Complete 
| 310|0x0000000093600000, 0x0000000093700000, 0x0000000093700000|100%| E|CS|TAMS 0x0000000093600000, 0x0000000093600000| Complete 
| 311|0x0000000093700000, 0x0000000093800000, 0x0000000093800000|100%| E|CS|TAMS 0x0000000093700000, 0x0000000093700000| Complete 
| 312|0x0000000093800000, 0x0000000093900000, 0x0000000093900000|100%| E|CS|TAMS 0x0000000093800000, 0x0000000093800000| Complete 
| 313|0x0000000093900000, 0x0000000093a00000, 0x0000000093a00000|100%| E|CS|TAMS 0x0000000093900000, 0x0000000093900000| Complete 
| 314|0x0000000093a00000, 0x0000000093b00000, 0x0000000093b00000|100%| E|CS|TAMS 0x0000000093a00000, 0x0000000093a00000| Complete 
| 315|0x0000000093b00000, 0x0000000093c00000, 0x0000000093c00000|100%| E|CS|TAMS 0x0000000093b00000, 0x0000000093b00000| Complete 
| 316|0x0000000093c00000, 0x0000000093d00000, 0x0000000093d00000|100%| E|CS|TAMS 0x0000000093c00000, 0x0000000093c00000| Complete 
| 317|0x0000000093d00000, 0x0000000093e00000, 0x0000000093e00000|100%| E|CS|TAMS 0x0000000093d00000, 0x0000000093d00000| Complete 
| 318|0x0000000093e00000, 0x0000000093f00000, 0x0000000093f00000|100%| E|CS|TAMS 0x0000000093e00000, 0x0000000093e00000| Complete 
| 319|0x0000000093f00000, 0x0000000094000000, 0x0000000094000000|100%| E|CS|TAMS 0x0000000093f00000, 0x0000000093f00000| Complete 
| 320|0x0000000094000000, 0x0000000094100000, 0x0000000094100000|100%| E|CS|TAMS 0x0000000094000000, 0x0000000094000000| Complete 
| 321|0x0000000094100000, 0x0000000094200000, 0x0000000094200000|100%| E|CS|TAMS 0x0000000094100000, 0x0000000094100000| Complete 
| 322|0x0000000094200000, 0x0000000094300000, 0x0000000094300000|100%| E|CS|TAMS 0x0000000094200000, 0x0000000094200000| Complete 
| 323|0x0000000094300000, 0x0000000094400000, 0x0000000094400000|100%| E|CS|TAMS 0x0000000094300000, 0x0000000094300000| Complete 
| 324|0x0000000094400000, 0x0000000094500000, 0x0000000094500000|100%| E|CS|TAMS 0x0000000094400000, 0x0000000094400000| Complete 
| 325|0x0000000094500000, 0x0000000094600000, 0x0000000094600000|100%| E|CS|TAMS 0x0000000094500000, 0x0000000094500000| Complete 
| 326|0x0000000094600000, 0x0000000094700000, 0x0000000094700000|100%| E|CS|TAMS 0x0000000094600000, 0x0000000094600000| Complete 
| 327|0x0000000094700000, 0x0000000094800000, 0x0000000094800000|100%| E|CS|TAMS 0x0000000094700000, 0x0000000094700000| Complete 
| 328|0x0000000094800000, 0x0000000094900000, 0x0000000094900000|100%| E|CS|TAMS 0x0000000094800000, 0x0000000094800000| Complete 
| 329|0x0000000094900000, 0x0000000094a00000, 0x0000000094a00000|100%| E|CS|TAMS 0x0000000094900000, 0x0000000094900000| Complete 
| 330|0x0000000094a00000, 0x0000000094b00000, 0x0000000094b00000|100%| E|CS|TAMS 0x0000000094a00000, 0x0000000094a00000| Complete 
| 331|0x0000000094b00000, 0x0000000094c00000, 0x0000000094c00000|100%| E|CS|TAMS 0x0000000094b00000, 0x0000000094b00000| Complete 
| 332|0x0000000094c00000, 0x0000000094d00000, 0x0000000094d00000|100%| E|CS|TAMS 0x0000000094c00000, 0x0000000094c00000| Complete 
| 333|0x0000000094d00000, 0x0000000094e00000, 0x0000000094e00000|100%| E|CS|TAMS 0x0000000094d00000, 0x0000000094d00000| Complete 
| 334|0x0000000094e00000, 0x0000000094f00000, 0x0000000094f00000|100%| E|CS|TAMS 0x0000000094e00000, 0x0000000094e00000| Complete 
| 335|0x0000000094f00000, 0x0000000095000000, 0x0000000095000000|100%| E|CS|TAMS 0x0000000094f00000, 0x0000000094f00000| Complete 
| 336|0x0000000095000000, 0x0000000095100000, 0x0000000095100000|100%| E|CS|TAMS 0x0000000095000000, 0x0000000095000000| Complete 
| 337|0x0000000095100000, 0x0000000095200000, 0x0000000095200000|100%| E|CS|TAMS 0x0000000095100000, 0x0000000095100000| Complete 
| 338|0x0000000095200000, 0x0000000095300000, 0x0000000095300000|100%| E|CS|TAMS 0x0000000095200000, 0x0000000095200000| Complete 
| 339|0x0000000095300000, 0x0000000095400000, 0x0000000095400000|100%| E|CS|TAMS 0x0000000095300000, 0x0000000095300000| Complete 
| 340|0x0000000095400000, 0x0000000095500000, 0x0000000095500000|100%| E|CS|TAMS 0x0000000095400000, 0x0000000095400000| Complete 
| 341|0x0000000095500000, 0x0000000095600000, 0x0000000095600000|100%| E|CS|TAMS 0x0000000095500000, 0x0000000095500000| Complete 
| 342|0x0000000095600000, 0x0000000095700000, 0x0000000095700000|100%| E|CS|TAMS 0x0000000095600000, 0x0000000095600000| Complete 
| 343|0x0000000095700000, 0x0000000095800000, 0x0000000095800000|100%| E|CS|TAMS 0x0000000095700000, 0x0000000095700000| Complete 
| 344|0x0000000095800000, 0x0000000095900000, 0x0000000095900000|100%| E|CS|TAMS 0x0000000095800000, 0x0000000095800000| Complete 
| 345|0x0000000095900000, 0x0000000095a00000, 0x0000000095a00000|100%| E|CS|TAMS 0x0000000095900000, 0x0000000095900000| Complete 
| 346|0x0000000095a00000, 0x0000000095b00000, 0x0000000095b00000|100%| E|CS|TAMS 0x0000000095a00000, 0x0000000095a00000| Complete 
| 347|0x0000000095b00000, 0x0000000095c00000, 0x0000000095c00000|100%| E|CS|TAMS 0x0000000095b00000, 0x0000000095b00000| Complete 
| 348|0x0000000095c00000, 0x0000000095d00000, 0x0000000095d00000|100%| E|CS|TAMS 0x0000000095c00000, 0x0000000095c00000| Complete 
| 349|0x0000000095d00000, 0x0000000095e00000, 0x0000000095e00000|100%| E|CS|TAMS 0x0000000095d00000, 0x0000000095d00000| Complete 
| 350|0x0000000095e00000, 0x0000000095f00000, 0x0000000095f00000|100%| E|CS|TAMS 0x0000000095e00000, 0x0000000095e00000| Complete 
| 351|0x0000000095f00000, 0x0000000096000000, 0x0000000096000000|100%| E|CS|TAMS 0x0000000095f00000, 0x0000000095f00000| Complete 
| 352|0x0000000096000000, 0x0000000096100000, 0x0000000096100000|100%| E|CS|TAMS 0x0000000096000000, 0x0000000096000000| Complete 
| 353|0x0000000096100000, 0x0000000096200000, 0x0000000096200000|100%| E|CS|TAMS 0x0000000096100000, 0x0000000096100000| Complete 
| 354|0x0000000096200000, 0x0000000096300000, 0x0000000096300000|100%| E|CS|TAMS 0x0000000096200000, 0x0000000096200000| Complete 
| 355|0x0000000096300000, 0x0000000096400000, 0x0000000096400000|100%| E|CS|TAMS 0x0000000096300000, 0x0000000096300000| Complete 
| 356|0x0000000096400000, 0x0000000096500000, 0x0000000096500000|100%| E|CS|TAMS 0x0000000096400000, 0x0000000096400000| Complete 
| 357|0x0000000096500000, 0x0000000096600000, 0x0000000096600000|100%| E|CS|TAMS 0x0000000096500000, 0x0000000096500000| Complete 
| 358|0x0000000096600000, 0x0000000096700000, 0x0000000096700000|100%| E|CS|TAMS 0x0000000096600000, 0x0000000096600000| Complete 
| 359|0x0000000096700000, 0x0000000096800000, 0x0000000096800000|100%| E|CS|TAMS 0x0000000096700000, 0x0000000096700000| Complete 
| 360|0x0000000096800000, 0x0000000096900000, 0x0000000096900000|100%| E|CS|TAMS 0x0000000096800000, 0x0000000096800000| Complete 
| 361|0x0000000096900000, 0x0000000096a00000, 0x0000000096a00000|100%| E|CS|TAMS 0x0000000096900000, 0x0000000096900000| Complete 
| 362|0x0000000096a00000, 0x0000000096b00000, 0x0000000096b00000|100%| E|CS|TAMS 0x0000000096a00000, 0x0000000096a00000| Complete 
| 363|0x0000000096b00000, 0x0000000096c00000, 0x0000000096c00000|100%| E|CS|TAMS 0x0000000096b00000, 0x0000000096b00000| Complete 
| 364|0x0000000096c00000, 0x0000000096d00000, 0x0000000096d00000|100%| E|CS|TAMS 0x0000000096c00000, 0x0000000096c00000| Complete 
| 365|0x0000000096d00000, 0x0000000096e00000, 0x0000000096e00000|100%| E|CS|TAMS 0x0000000096d00000, 0x0000000096d00000| Complete 
| 366|0x0000000096e00000, 0x0000000096f00000, 0x0000000096f00000|100%| E|CS|TAMS 0x0000000096e00000, 0x0000000096e00000| Complete 
| 367|0x0000000096f00000, 0x0000000097000000, 0x0000000097000000|100%| E|CS|TAMS 0x0000000096f00000, 0x0000000096f00000| Complete 
| 368|0x0000000097000000, 0x0000000097100000, 0x0000000097100000|100%| E|CS|TAMS 0x0000000097000000, 0x0000000097000000| Complete 
| 369|0x0000000097100000, 0x0000000097200000, 0x0000000097200000|100%| E|CS|TAMS 0x0000000097100000, 0x0000000097100000| Complete 
| 370|0x0000000097200000, 0x0000000097300000, 0x0000000097300000|100%| E|CS|TAMS 0x0000000097200000, 0x0000000097200000| Complete 
| 371|0x0000000097300000, 0x0000000097400000, 0x0000000097400000|100%| E|CS|TAMS 0x0000000097300000, 0x0000000097300000| Complete 
| 372|0x0000000097400000, 0x0000000097500000, 0x0000000097500000|100%| E|CS|TAMS 0x0000000097400000, 0x0000000097400000| Complete 
| 373|0x0000000097500000, 0x0000000097600000, 0x0000000097600000|100%| E|CS|TAMS 0x0000000097500000, 0x0000000097500000| Complete 
| 374|0x0000000097600000, 0x0000000097700000, 0x0000000097700000|100%| E|CS|TAMS 0x0000000097600000, 0x0000000097600000| Complete 
| 375|0x0000000097700000, 0x0000000097800000, 0x0000000097800000|100%| E|CS|TAMS 0x0000000097700000, 0x0000000097700000| Complete 
| 376|0x0000000097800000, 0x0000000097900000, 0x0000000097900000|100%| E|CS|TAMS 0x0000000097800000, 0x0000000097800000| Complete 
| 377|0x0000000097900000, 0x0000000097a00000, 0x0000000097a00000|100%| E|CS|TAMS 0x0000000097900000, 0x0000000097900000| Complete 
| 378|0x0000000097a00000, 0x0000000097b00000, 0x0000000097b00000|100%| E|CS|TAMS 0x0000000097a00000, 0x0000000097a00000| Complete 
| 379|0x0000000097b00000, 0x0000000097c00000, 0x0000000097c00000|100%| E|CS|TAMS 0x0000000097b00000, 0x0000000097b00000| Complete 
| 380|0x0000000097c00000, 0x0000000097d00000, 0x0000000097d00000|100%| E|CS|TAMS 0x0000000097c00000, 0x0000000097c00000| Complete 
| 381|0x0000000097d00000, 0x0000000097e00000, 0x0000000097e00000|100%| E|CS|TAMS 0x0000000097d00000, 0x0000000097d00000| Complete 
| 382|0x0000000097e00000, 0x0000000097f00000, 0x0000000097f00000|100%| E|CS|TAMS 0x0000000097e00000, 0x0000000097e00000| Complete 
| 383|0x0000000097f00000, 0x0000000098000000, 0x0000000098000000|100%| E|CS|TAMS 0x0000000097f00000, 0x0000000097f00000| Complete 
| 384|0x0000000098000000, 0x0000000098100000, 0x0000000098100000|100%| E|  |TAMS 0x0000000098000000, 0x0000000098000000| Complete 
| 385|0x0000000098100000, 0x0000000098200000, 0x0000000098200000|100%| E|CS|TAMS 0x0000000098100000, 0x0000000098100000| Complete 
| 386|0x0000000098200000, 0x0000000098300000, 0x0000000098300000|100%| E|CS|TAMS 0x0000000098200000, 0x0000000098200000| Complete 
| 387|0x0000000098300000, 0x0000000098400000, 0x0000000098400000|100%| E|CS|TAMS 0x0000000098300000, 0x0000000098300000| Complete 
| 388|0x0000000098400000, 0x0000000098500000, 0x0000000098500000|100%| E|CS|TAMS 0x0000000098400000, 0x0000000098400000| Complete 
| 389|0x0000000098500000, 0x0000000098600000, 0x0000000098600000|100%| E|CS|TAMS 0x0000000098500000, 0x0000000098500000| Complete 
| 390|0x0000000098600000, 0x0000000098700000, 0x0000000098700000|100%| E|CS|TAMS 0x0000000098600000, 0x0000000098600000| Complete 
| 391|0x0000000098700000, 0x0000000098800000, 0x0000000098800000|100%| E|CS|TAMS 0x0000000098700000, 0x0000000098700000| Complete 
| 392|0x0000000098800000, 0x0000000098900000, 0x0000000098900000|100%| E|CS|TAMS 0x0000000098800000, 0x0000000098800000| Complete 
| 393|0x0000000098900000, 0x0000000098a00000, 0x0000000098a00000|100%| E|CS|TAMS 0x0000000098900000, 0x0000000098900000| Complete 
| 394|0x0000000098a00000, 0x0000000098b00000, 0x0000000098b00000|100%| E|CS|TAMS 0x0000000098a00000, 0x0000000098a00000| Complete 
| 395|0x0000000098b00000, 0x0000000098c00000, 0x0000000098c00000|100%| E|CS|TAMS 0x0000000098b00000, 0x0000000098b00000| Complete 
| 396|0x0000000098c00000, 0x0000000098d00000, 0x0000000098d00000|100%| E|CS|TAMS 0x0000000098c00000, 0x0000000098c00000| Complete 
| 397|0x0000000098d00000, 0x0000000098e00000, 0x0000000098e00000|100%| E|CS|TAMS 0x0000000098d00000, 0x0000000098d00000| Complete 
| 398|0x0000000098e00000, 0x0000000098f00000, 0x0000000098f00000|100%| E|CS|TAMS 0x0000000098e00000, 0x0000000098e00000| Complete 
| 399|0x0000000098f00000, 0x0000000099000000, 0x0000000099000000|100%| E|CS|TAMS 0x0000000098f00000, 0x0000000098f00000| Complete 
| 400|0x0000000099000000, 0x0000000099100000, 0x0000000099100000|100%| E|CS|TAMS 0x0000000099000000, 0x0000000099000000| Complete 
| 401|0x0000000099100000, 0x0000000099200000, 0x0000000099200000|100%| E|CS|TAMS 0x0000000099100000, 0x0000000099100000| Complete 
| 402|0x0000000099200000, 0x0000000099300000, 0x0000000099300000|100%| E|CS|TAMS 0x0000000099200000, 0x0000000099200000| Complete 
| 403|0x0000000099300000, 0x0000000099400000, 0x0000000099400000|100%| E|CS|TAMS 0x0000000099300000, 0x0000000099300000| Complete 
| 404|0x0000000099400000, 0x0000000099500000, 0x0000000099500000|100%| E|CS|TAMS 0x0000000099400000, 0x0000000099400000| Complete 
| 405|0x0000000099500000, 0x0000000099600000, 0x0000000099600000|100%| E|CS|TAMS 0x0000000099500000, 0x0000000099500000| Complete 
| 406|0x0000000099600000, 0x0000000099700000, 0x0000000099700000|100%| E|CS|TAMS 0x0000000099600000, 0x0000000099600000| Complete 
| 407|0x0000000099700000, 0x0000000099800000, 0x0000000099800000|100%| E|CS|TAMS 0x0000000099700000, 0x0000000099700000| Complete 
| 408|0x0000000099800000, 0x0000000099900000, 0x0000000099900000|100%| E|CS|TAMS 0x0000000099800000, 0x0000000099800000| Complete 
| 409|0x0000000099900000, 0x0000000099a00000, 0x0000000099a00000|100%| E|CS|TAMS 0x0000000099900000, 0x0000000099900000| Complete 
| 410|0x0000000099a00000, 0x0000000099b00000, 0x0000000099b00000|100%| E|CS|TAMS 0x0000000099a00000, 0x0000000099a00000| Complete 
| 411|0x0000000099b00000, 0x0000000099c00000, 0x0000000099c00000|100%| E|CS|TAMS 0x0000000099b00000, 0x0000000099b00000| Complete 
| 412|0x0000000099c00000, 0x0000000099d00000, 0x0000000099d00000|100%| E|CS|TAMS 0x0000000099c00000, 0x0000000099c00000| Complete 
| 413|0x0000000099d00000, 0x0000000099e00000, 0x0000000099e00000|100%| E|CS|TAMS 0x0000000099d00000, 0x0000000099d00000| Complete 

Card table byte_map: [0x000001f8c3dc0000,0x000001f8c41c0000] _byte_map_base: 0x000001f8c39c0000

Marking Bits (Prev, Next): (CMBitMap*) 0x000001f8b1207d50, (CMBitMap*) 0x000001f8b1207d90
 Prev Bits: [0x000001f8c45c0000, 0x000001f8c65c0000)
 Next Bits: [0x000001f8c65c0000, 0x000001f8c85c0000)

Polling page: 0x000001f8af160000

Metaspace:

Usage:
  Non-class:    140.86 MB used.
      Class:     21.32 MB used.
       Both:    162.18 MB used.

Virtual space:
  Non-class space:      192.00 MB reserved,     142.06 MB ( 74%) committed,  3 nodes.
      Class space:        1.00 GB reserved,      22.56 MB (  2%) committed,  1 nodes.
             Both:        1.19 GB reserved,     164.62 MB ( 14%) committed. 

Chunk freelists:
   Non-Class:  33.89 MB
       Class:  9.44 MB
        Both:  43.33 MB

MaxMetaspaceSize: unlimited
CompressedClassSpaceSize: 1.00 GB
Initial GC threshold: 21.00 MB
Current GC threshold: 299.69 MB
CDS: off
MetaspaceReclaimPolicy: balanced
 - commit_granule_bytes: 65536.
 - commit_granule_words: 8192.
 - virtual_space_node_default_size: 8388608.
 - enlarge_chunks_in_place: 1.
 - new_chunks_are_fully_committed: 0.
 - uncommit_free_chunks: 1.
 - use_allocation_guard: 0.
 - handle_deallocations: 1.


Internal statistics:

num_allocs_failed_limit: 9.
num_arena_births: 5904.
num_arena_deaths: 1282.
num_vsnodes_births: 4.
num_vsnodes_deaths: 0.
num_space_committed: 4942.
num_space_uncommitted: 2309.
num_chunks_returned_to_freelist: 6724.
num_chunks_taken_from_freelist: 18659.
num_chunk_merges: 2970.
num_chunk_splits: 12552.
num_chunks_enlarged: 8434.
num_inconsistent_stats: 0.

CodeHeap 'non-profiled nmethods': size=120000Kb used=39831Kb max_used=40058Kb free=80168Kb
 bounds [0x000001f8bc160000, 0x000001f8be880000, 0x000001f8c3690000]
CodeHeap 'profiled nmethods': size=120000Kb used=60903Kb max_used=65160Kb free=59096Kb
 bounds [0x000001f8b4690000, 0x000001f8b8640000, 0x000001f8bbbc0000]
CodeHeap 'non-nmethods': size=5760Kb used=2546Kb max_used=2659Kb free=3213Kb
 bounds [0x000001f8bbbc0000, 0x000001f8bbe70000, 0x000001f8bc160000]
 total_blobs=34333 nmethods=33236 adapters=1008
 compilation: enabled
              stopped_count=0, restarted_count=0
 full_count=0

Compilation events (20 events):
Event: 11842.727 Thread 0x000001f8cb21a9f0 nmethod 56701 0x000001f8be60a710 code [0x000001f8be60a8a0, 0x000001f8be60a9b8]
Event: 11842.727 Thread 0x000001f8cb21a9f0 56702       1       org.apache.xerces.util.ErrorHandlerWrapper::setErrorHandler (6 bytes)
Event: 11842.727 Thread 0x000001f8cb21a9f0 nmethod 56702 0x000001f8be60a410 code [0x000001f8be60a5a0, 0x000001f8be60a6b8]
Event: 11842.728 Thread 0x000001f8cb21a9f0 56703       3       jdk.internal.loader.URLClassPath$1::nextElement (5 bytes)
Event: 11842.728 Thread 0x000001f8cb21a9f0 nmethod 56703 0x000001f8b61c9810 code [0x000001f8b61c99e0, 0x000001f8b61c9cd8]
Event: 11842.728 Thread 0x000001f8cb21a9f0 56705       3       sun.nio.cs.StreamDecoder::<init> (23 bytes)
Event: 11842.729 Thread 0x000001f8cb21a9f0 nmethod 56705 0x000001f8b5bd2690 code [0x000001f8b5bd2880, 0x000001f8b5bd2e38]
Event: 11842.729 Thread 0x000001f8cb21a9f0 56704       3       jdk.internal.loader.URLClassPath$1::nextElement (27 bytes)
Event: 11842.729 Thread 0x000001f8cb21a9f0 nmethod 56704 0x000001f8b5881290 code [0x000001f8b5881440, 0x000001f8b58816b8]
Event: 11842.734 Thread 0x000001f8cb21a9f0 56706   !   3       org.apache.xerces.parsers.SecuritySupport$3::run (28 bytes)
Event: 11842.735 Thread 0x000001f8cb21a9f0 nmethod 56706 0x000001f8b61d7410 code [0x000001f8b61d7660, 0x000001f8b61d8118]
Event: 11842.735 Thread 0x000001f8cb21a9f0 56707       3       org.apache.xerces.impl.dtd.XMLDTDProcessor::getPropertyDefault (36 bytes)
Event: 11842.736 Thread 0x000001f8cb21a9f0 nmethod 56707 0x000001f8b6416210 code [0x000001f8b64163e0, 0x000001f8b64166a8]
Event: 11842.736 Thread 0x000001f8cb21a9f0 56708   !   3       org.apache.xerces.parsers.DOMParser::setFeature (122 bytes)
Event: 11842.736 Thread 0x000001f8cb21a9f0 nmethod 56708 0x000001f8b646ea90 code [0x000001f8b646ed20, 0x000001f8b646fa58]
Event: 11842.740 Thread 0x000001f8cb21a9f0 56709       3       com.android.ide.common.resources.ResourceMerger::addDataSet (6 bytes)
Event: 11842.740 Thread 0x000001f8cb21a9f0 nmethod 56709 0x000001f8b5700b90 code [0x000001f8b5700d40, 0x000001f8b5700f68]
Event: 11842.740 Thread 0x000001f8cb21a9f0 56710       3       com.android.ide.common.resources.DataMerger::addDataSet (12 bytes)
Event: 11842.740 Thread 0x000001f8cb21a9f0 nmethod 56710 0x000001f8b650bd90 code [0x000001f8b650bf40, 0x000001f8b650c108]
Event: 11842.745 Thread 0x000001f8db599e00 nmethod 56700% 0x000001f8be608e90 code [0x000001f8be609140, 0x000001f8be609c20]

GC Heap History (20 events):
Event: 5127.433 GC heap before
{Heap before GC invocations=159 (full 1):
 garbage-first heap   total 669696K, used 531258K [0x0000000080000000, 0x0000000100000000)
  region size 1024K, 315 young (322560K), 2 survivors (2048K)
 Metaspace       used 189646K, committed 192000K, reserved 1245184K
  class space    used 25125K, committed 26240K, reserved 1048576K
}
Event: 5127.444 GC heap after
{Heap after GC invocations=160 (full 1):
 garbage-first heap   total 669696K, used 214806K [0x0000000080000000, 0x0000000100000000)
  region size 1024K, 11 young (11264K), 11 survivors (11264K)
 Metaspace       used 189646K, committed 192000K, reserved 1245184K
  class space    used 25125K, committed 26240K, reserved 1048576K
}
Event: 5146.938 GC heap before
{Heap before GC invocations=160 (full 1):
 garbage-first heap   total 669696K, used 255766K [0x0000000080000000, 0x0000000100000000)
  region size 1024K, 32 young (32768K), 11 survivors (11264K)
 Metaspace       used 189665K, committed 192000K, reserved 1245184K
  class space    used 25125K, committed 26240K, reserved 1048576K
}
Event: 5146.948 GC heap after
{Heap after GC invocations=161 (full 1):
 garbage-first heap   total 669696K, used 190229K [0x0000000080000000, 0x0000000100000000)
  region size 1024K, 2 young (2048K), 2 survivors (2048K)
 Metaspace       used 189665K, committed 192000K, reserved 1245184K
  class space    used 25125K, committed 26240K, reserved 1048576K
}
Event: 5162.006 GC heap before
{Heap before GC invocations=161 (full 1):
 garbage-first heap   total 669696K, used 374549K [0x0000000080000000, 0x0000000100000000)
  region size 1024K, 183 young (187392K), 2 survivors (2048K)
 Metaspace       used 189786K, committed 192128K, reserved 1245184K
  class space    used 25142K, committed 26240K, reserved 1048576K
}
Event: 5162.017 GC heap after
{Heap after GC invocations=162 (full 1):
 garbage-first heap   total 669696K, used 201949K [0x0000000080000000, 0x0000000100000000)
  region size 1024K, 14 young (14336K), 14 survivors (14336K)
 Metaspace       used 189786K, committed 192128K, reserved 1245184K
  class space    used 25142K, committed 26240K, reserved 1048576K
}
Event: 5247.768 GC heap before
{Heap before GC invocations=163 (full 1):
 garbage-first heap   total 669696K, used 557277K [0x0000000080000000, 0x0000000100000000)
  region size 1024K, 338 young (346112K), 14 survivors (14336K)
 Metaspace       used 166631K, committed 168960K, reserved 1245184K
  class space    used 21984K, committed 23104K, reserved 1048576K
}
Event: 5247.788 GC heap after
{Heap after GC invocations=164 (full 1):
 garbage-first heap   total 669696K, used 216075K [0x0000000080000000, 0x0000000100000000)
  region size 1024K, 25 young (25600K), 25 survivors (25600K)
 Metaspace       used 166631K, committed 168960K, reserved 1245184K
  class space    used 21984K, committed 23104K, reserved 1048576K
}
Event: 5247.876 GC heap before
{Heap before GC invocations=164 (full 1):
 garbage-first heap   total 669696K, used 224267K [0x0000000080000000, 0x0000000100000000)
  region size 1024K, 32 young (32768K), 25 survivors (25600K)
 Metaspace       used 168313K, committed 170624K, reserved 1245184K
  class space    used 22120K, committed 23232K, reserved 1048576K
}
Event: 5247.891 GC heap after
{Heap after GC invocations=165 (full 1):
 garbage-first heap   total 669696K, used 193710K [0x0000000080000000, 0x0000000100000000)
  region size 1024K, 3 young (3072K), 3 survivors (3072K)
 Metaspace       used 168313K, committed 170624K, reserved 1245184K
  class space    used 22120K, committed 23232K, reserved 1048576K
}
Event: 5249.496 GC heap before
{Heap before GC invocations=165 (full 1):
 garbage-first heap   total 669696K, used 341166K [0x0000000080000000, 0x0000000100000000)
  region size 1024K, 148 young (151552K), 3 survivors (3072K)
 Metaspace       used 177403K, committed 179712K, reserved 1245184K
  class space    used 23437K, committed 24512K, reserved 1048576K
}
Event: 5249.505 GC heap after
{Heap after GC invocations=166 (full 1):
 garbage-first heap   total 669696K, used 200780K [0x0000000080000000, 0x0000000100000000)
  region size 1024K, 10 young (10240K), 10 survivors (10240K)
 Metaspace       used 177403K, committed 179712K, reserved 1245184K
  class space    used 23437K, committed 24512K, reserved 1048576K
}
Event: 5335.809 GC heap before
{Heap before GC invocations=167 (full 1):
 garbage-first heap   total 669696K, used 558156K [0x0000000080000000, 0x0000000100000000)
  region size 1024K, 339 young (347136K), 10 survivors (10240K)
 Metaspace       used 180683K, committed 183040K, reserved 1245184K
  class space    used 23786K, committed 24896K, reserved 1048576K
}
Event: 5335.830 GC heap after
{Heap after GC invocations=168 (full 1):
 garbage-first heap   total 669696K, used 221314K [0x0000000080000000, 0x0000000100000000)
  region size 1024K, 32 young (32768K), 32 survivors (32768K)
 Metaspace       used 180683K, committed 183040K, reserved 1245184K
  class space    used 23786K, committed 24896K, reserved 1048576K
}
Event: 5335.842 GC heap before
{Heap before GC invocations=168 (full 1):
 garbage-first heap   total 669696K, used 222338K [0x0000000080000000, 0x0000000100000000)
  region size 1024K, 33 young (33792K), 32 survivors (32768K)
 Metaspace       used 180833K, committed 183168K, reserved 1245184K
  class space    used 23807K, committed 24896K, reserved 1048576K
}
Event: 5335.859 GC heap after
{Heap after GC invocations=169 (full 1):
 garbage-first heap   total 669696K, used 205667K [0x0000000080000000, 0x0000000100000000)
  region size 1024K, 3 young (3072K), 3 survivors (3072K)
 Metaspace       used 180833K, committed 183168K, reserved 1245184K
  class space    used 23807K, committed 24896K, reserved 1048576K
}
Event: 5337.560 GC heap before
{Heap before GC invocations=169 (full 1):
 garbage-first heap   total 669696K, used 354147K [0x0000000080000000, 0x0000000100000000)
  region size 1024K, 150 young (153600K), 3 survivors (3072K)
 Metaspace       used 190115K, committed 192448K, reserved 1245184K
  class space    used 25150K, committed 26240K, reserved 1048576K
}
Event: 5337.571 GC heap after
{Heap after GC invocations=170 (full 1):
 garbage-first heap   total 669696K, used 212738K [0x0000000080000000, 0x0000000100000000)
  region size 1024K, 10 young (10240K), 10 survivors (10240K)
 Metaspace       used 190115K, committed 192448K, reserved 1245184K
  class space    used 25150K, committed 26240K, reserved 1048576K
}
Event: 8937.933 GC heap before
{Heap before GC invocations=171 (full 1):
 garbage-first heap   total 669696K, used 499458K [0x0000000080000000, 0x0000000100000000)
  region size 1024K, 268 young (274432K), 10 survivors (10240K)
 Metaspace       used 177684K, committed 180352K, reserved 1245184K
  class space    used 23447K, committed 24832K, reserved 1048576K
}
Event: 8938.136 GC heap after
{Heap after GC invocations=172 (full 2):
 garbage-first heap   total 423936K, used 121314K [0x0000000080000000, 0x0000000100000000)
  region size 1024K, 0 young (0K), 0 survivors (0K)
 Metaspace       used 165143K, committed 167808K, reserved 1245184K
  class space    used 21737K, committed 23104K, reserved 1048576K
}

Dll operation events (2 events):
Event: 0.006 Loaded shared library C:\Program Files\Android\Android Studio\jbr\bin\java.dll
Event: 0.379 Loaded shared library C:\Program Files\Android\Android Studio\jbr\bin\verify.dll

Deoptimization events (20 events):
Event: 11842.685 Thread 0x000001f8d5a25de0 Uncommon trap: trap_request=0xffffffc6 fr.pc=0x000001f8bd59fca8 relative=0x00000000000004a8
Event: 11842.685 Thread 0x000001f8d5a25de0 Uncommon trap: reason=bimorphic_or_optimized_type_check action=maybe_recompile pc=0x000001f8bd59fca8 method=org.apache.xerces.dom.ParentNode.checkNormalizationAfterInsert(Lorg/apache/xerces/dom/ChildNode;)V @ 23 c2
Event: 11842.685 Thread 0x000001f8d5a25de0 DEOPT PACKING pc=0x000001f8bd59fca8 sp=0x000000b79e3fad40
Event: 11842.685 Thread 0x000001f8d5a25de0 DEOPT UNPACKING pc=0x000001f8bbc169a3 sp=0x000000b79e3fac70 mode 2
Event: 11842.685 Thread 0x000001f8d5a25de0 Uncommon trap: trap_request=0xffffffc6 fr.pc=0x000001f8bd59fca8 relative=0x00000000000004a8
Event: 11842.685 Thread 0x000001f8d5a25de0 Uncommon trap: reason=bimorphic_or_optimized_type_check action=maybe_recompile pc=0x000001f8bd59fca8 method=org.apache.xerces.dom.ParentNode.checkNormalizationAfterInsert(Lorg/apache/xerces/dom/ChildNode;)V @ 23 c2
Event: 11842.685 Thread 0x000001f8d5a25de0 DEOPT PACKING pc=0x000001f8bd59fca8 sp=0x000000b79e3fad40
Event: 11842.685 Thread 0x000001f8d5a25de0 DEOPT UNPACKING pc=0x000001f8bbc169a3 sp=0x000000b79e3fac70 mode 2
Event: 11842.685 Thread 0x000001f8d5a25de0 Uncommon trap: trap_request=0xffffffc6 fr.pc=0x000001f8bd59fca8 relative=0x00000000000004a8
Event: 11842.685 Thread 0x000001f8d5a25de0 Uncommon trap: reason=bimorphic_or_optimized_type_check action=maybe_recompile pc=0x000001f8bd59fca8 method=org.apache.xerces.dom.ParentNode.checkNormalizationAfterInsert(Lorg/apache/xerces/dom/ChildNode;)V @ 23 c2
Event: 11842.685 Thread 0x000001f8d5a25de0 DEOPT PACKING pc=0x000001f8bd59fca8 sp=0x000000b79e3fad40
Event: 11842.685 Thread 0x000001f8d5a25de0 DEOPT UNPACKING pc=0x000001f8bbc169a3 sp=0x000000b79e3fac70 mode 2
Event: 11842.685 Thread 0x000001f8d5a25de0 Uncommon trap: trap_request=0xffffffc6 fr.pc=0x000001f8bc870664 relative=0x00000000000000c4
Event: 11842.685 Thread 0x000001f8d5a25de0 Uncommon trap: reason=bimorphic_or_optimized_type_check action=maybe_recompile pc=0x000001f8bc870664 method=org.apache.xerces.dom.ParentNode.checkNormalizationAfterInsert(Lorg/apache/xerces/dom/ChildNode;)V @ 23 c2
Event: 11842.685 Thread 0x000001f8d5a25de0 DEOPT PACKING pc=0x000001f8bc870664 sp=0x000000b79e3facd0
Event: 11842.685 Thread 0x000001f8d5a25de0 DEOPT UNPACKING pc=0x000001f8bbc169a3 sp=0x000000b79e3fac60 mode 2
Event: 11842.686 Thread 0x000001f8d5a25de0 Uncommon trap: trap_request=0xffffff45 fr.pc=0x000001f8bc8e4104 relative=0x0000000000000fc4
Event: 11842.686 Thread 0x000001f8d5a25de0 Uncommon trap: reason=unstable_if action=reinterpret pc=0x000001f8bc8e4104 method=org.apache.xerces.dom.NamedNodeMapImpl.findNamePoint(Ljava/lang/String;Ljava/lang/String;)I @ 93 c2
Event: 11842.686 Thread 0x000001f8d5a25de0 DEOPT PACKING pc=0x000001f8bc8e4104 sp=0x000000b79e3fb5d0
Event: 11842.686 Thread 0x000001f8d5a25de0 DEOPT UNPACKING pc=0x000001f8bbc169a3 sp=0x000000b79e3fb5a0 mode 2

Classes unloaded (20 events):
Event: 8937.998 Thread 0x000001f8cb1c6f10 Unloading class 0x00000001012e4770 'dagger/hilt/processor/internal/definecomponent/DefineComponentBuilderMetadatas'
Event: 8937.998 Thread 0x000001f8cb1c6f10 Unloading class 0x00000001012e4520 'dagger/hilt/processor/internal/definecomponent/AutoValue_DefineComponentMetadatas_DefineComponentMetadata'
Event: 8937.998 Thread 0x000001f8cb1c6f10 Unloading class 0x00000001012e42d8 'dagger/hilt/processor/internal/definecomponent/DefineComponentMetadatas$DefineComponentMetadata'
Event: 8937.998 Thread 0x000001f8cb1c6f10 Unloading class 0x00000001012e3d88 'dagger/hilt/processor/internal/definecomponent/DefineComponentMetadatas'
Event: 8937.998 Thread 0x000001f8cb1c6f10 Unloading class 0x00000001012e4000 'dagger/hilt/processor/internal/definecomponent/DefineComponentProcessor'
Event: 8937.998 Thread 0x000001f8cb1c6f10 Unloading class 0x00000001012e3ab0 'dagger/hilt/processor/internal/originatingelement/OriginatingElementProcessor'
Event: 8937.998 Thread 0x000001f8cb1c6f10 Unloading class 0x00000001012e37d8 'dagger/hilt/processor/internal/generatesrootinput/GeneratesRootInputProcessor'
Event: 8937.998 Thread 0x000001f8cb1c6f10 Unloading class 0x00000001012e3500 'dagger/hilt/android/processor/internal/customtestapplication/CustomTestApplicationProcessor'
Event: 8937.998 Thread 0x000001f8cb1c6f10 Unloading class 0x00000001012e3280 'dagger/hilt/processor/internal/BadInputException'
Event: 8937.998 Thread 0x000001f8cb1c6f10 Unloading class 0x00000001012e3000 'dagger/hilt/processor/internal/root/ir/InvalidRootsException'
Event: 8937.998 Thread 0x000001f8cb1c6f10 Unloading class 0x00000001012e2cc8 'dagger/hilt/processor/internal/root/RootProcessor'
Event: 8937.998 Thread 0x000001f8cb1c6f10 Unloading class 0x00000001012e29f0 'dagger/hilt/android/processor/internal/androidentrypoint/AndroidEntryPointProcessor'
Event: 8937.998 Thread 0x000001f8cb1c6f10 Unloading class 0x00000001012e27d0 'com/google/common/collect/SetMultimap'
Event: 8937.998 Thread 0x000001f8cb1c6f10 Unloading class 0x00000001012e25b0 'com/google/common/collect/Multimap'
Event: 8937.998 Thread 0x000001f8cb1c6f10 Unloading class 0x00000001012e22d8 'dagger/hilt/processor/internal/uninstallmodules/UninstallModulesProcessor'
Event: 8937.998 Thread 0x000001f8cb1c6f10 Unloading class 0x00000001012e2000 'dagger/hilt/processor/internal/BaseProcessor'
Event: 8937.998 Thread 0x000001f8cb1c6f10 Unloading class 0x00000001011a8c00 'java/lang/invoke/LambdaForm$DMH+0x00000001011a8c00'
Event: 8937.998 Thread 0x000001f8cb1c6f10 Unloading class 0x00000001011a8800 'java/lang/invoke/LambdaForm$DMH+0x00000001011a8800'
Event: 8937.998 Thread 0x000001f8cb1c6f10 Unloading class 0x00000001011a8400 'java/lang/invoke/LambdaForm$DMH+0x00000001011a8400'
Event: 8937.998 Thread 0x000001f8cb1c6f10 Unloading class 0x00000001011a8000 'java/lang/invoke/LambdaForm$DMH+0x00000001011a8000'

Classes redefined (0 events):
No events

Internal exceptions (20 events):
Event: 10393.259 Thread 0x000001f8dc0b4b80 Implicit null exception at 0x000001f8bdc05c30 to 0x000001f8bdc05ca9
Event: 10393.299 Thread 0x000001f8dc0b4b80 Exception <a 'java/lang/ClassNotFoundException'{0x0000000095693888}: com/google/common/collect/SingletonImmutableListBeanInfo> (0x0000000095693888) 
thrown [s\src\hotspot\share\classfile\systemDictionary.cpp, line 256]
Event: 10393.299 Thread 0x000001f8dc0b4b80 Exception <a 'java/lang/ClassNotFoundException'{0x000000009569cc18}: com/google/common/collect/SingletonImmutableListCustomizer> (0x000000009569cc18) 
thrown [s\src\hotspot\share\classfile\systemDictionary.cpp, line 256]
Event: 10393.303 Thread 0x000001f8dc0b4b80 Exception <a 'java/lang/ClassNotFoundException'{0x00000000956f0c18}: org/gradle/api/tasks/Delete_DecoratedBeanInfo> (0x00000000956f0c18) 
thrown [s\src\hotspot\share\classfile\systemDictionary.cpp, line 256]
Event: 10393.303 Thread 0x000001f8dc0b4b80 Exception <a 'java/lang/ClassNotFoundException'{0x00000000956faf08}: org/gradle/api/tasks/DeleteBeanInfo> (0x00000000956faf08) 
thrown [s\src\hotspot\share\classfile\systemDictionary.cpp, line 256]
Event: 10393.304 Thread 0x000001f8dc0b4b80 Exception <a 'java/lang/ClassNotFoundException'{0x0000000095505710}: org/gradle/api/tasks/DeleteCustomizer> (0x0000000095505710) 
thrown [s\src\hotspot\share\classfile\systemDictionary.cpp, line 256]
Event: 10393.307 Thread 0x000001f8dc0b4b80 Exception <a 'java/lang/ClassNotFoundException'{0x000000009545abf0}: org/gradle/api/tasks/Delete_DecoratedCustomizer> (0x000000009545abf0) 
thrown [s\src\hotspot\share\classfile\systemDictionary.cpp, line 256]
Event: 10393.903 Thread 0x000001f8dc0b4b80 Exception <a 'sun/nio/fs/WindowsException'{0x0000000094d6e430}> (0x0000000094d6e430) 
thrown [s\src\hotspot\share\prims\jni.cpp, line 517]
Event: 10393.903 Thread 0x000001f8dc0b4b80 Exception <a 'sun/nio/fs/WindowsException'{0x0000000094d6e630}> (0x0000000094d6e630) 
thrown [s\src\hotspot\share\prims\jni.cpp, line 517]
Event: 10393.903 Thread 0x000001f8dc0b4b80 Exception <a 'sun/nio/fs/WindowsException'{0x0000000094d6ff40}> (0x0000000094d6ff40) 
thrown [s\src\hotspot\share\prims\jni.cpp, line 517]
Event: 11841.247 Thread 0x000001f8dd4ec550 Exception <a 'sun/nio/fs/WindowsException'{0x0000000090ef2698}> (0x0000000090ef2698) 
thrown [s\src\hotspot\share\prims\jni.cpp, line 517]
Event: 11841.405 Thread 0x000001f8dd4ec550 Exception <a 'sun/nio/fs/WindowsException'{0x000000009024aa50}> (0x000000009024aa50) 
thrown [s\src\hotspot\share\prims\jni.cpp, line 517]
Event: 11841.434 Thread 0x000001f8dd4ec550 Exception <a 'sun/nio/fs/WindowsException'{0x00000000902e7ea8}> (0x00000000902e7ea8) 
thrown [s\src\hotspot\share\prims\jni.cpp, line 517]
Event: 11841.434 Thread 0x000001f8dd4ec550 Exception <a 'sun/nio/fs/WindowsException'{0x00000000902e90f0}> (0x00000000902e90f0) 
thrown [s\src\hotspot\share\prims\jni.cpp, line 517]
Event: 11841.434 Thread 0x000001f8dd4ec550 Exception <a 'sun/nio/fs/WindowsException'{0x00000000902ea388}> (0x00000000902ea388) 
thrown [s\src\hotspot\share\prims\jni.cpp, line 517]
Event: 11841.434 Thread 0x000001f8dd4ec550 Exception <a 'sun/nio/fs/WindowsException'{0x00000000902eb620}> (0x00000000902eb620) 
thrown [s\src\hotspot\share\prims\jni.cpp, line 517]
Event: 11841.568 Thread 0x000001f8de0b7500 Exception <a 'sun/nio/fs/WindowsException'{0x000000008fa65db0}> (0x000000008fa65db0) 
thrown [s\src\hotspot\share\prims\jni.cpp, line 517]
Event: 11841.568 Thread 0x000001f8de0b7500 Exception <a 'sun/nio/fs/WindowsException'{0x000000008fa66c50}> (0x000000008fa66c50) 
thrown [s\src\hotspot\share\prims\jni.cpp, line 517]
Event: 11842.640 Thread 0x000001f8dd35aea0 Exception <a 'sun/nio/fs/WindowsException'{0x000000008e7cb598}> (0x000000008e7cb598) 
thrown [s\src\hotspot\share\prims\jni.cpp, line 517]
Event: 11842.641 Thread 0x000001f8dd35aea0 Exception <a 'sun/nio/fs/WindowsException'{0x000000008e7cc370}> (0x000000008e7cc370) 
thrown [s\src\hotspot\share\prims\jni.cpp, line 517]

VM Operations (20 events):
Event: 9011.628 Executing VM operation: HandshakeAllThreads
Event: 9011.628 Executing VM operation: HandshakeAllThreads done
Event: 9011.628 Executing VM operation: Cleanup
Event: 9011.628 Executing VM operation: Cleanup done
Event: 10393.014 Executing VM operation: HandshakeAllThreads
Event: 10393.014 Executing VM operation: HandshakeAllThreads done
Event: 10393.014 Executing VM operation: Cleanup
Event: 10393.015 Executing VM operation: Cleanup done
Event: 10394.023 Executing VM operation: Cleanup
Event: 10394.024 Executing VM operation: Cleanup done
Event: 10711.671 Executing VM operation: Cleanup
Event: 10711.671 Executing VM operation: Cleanup done
Event: 11032.357 Executing VM operation: Cleanup
Event: 11032.357 Executing VM operation: Cleanup done
Event: 11841.332 Executing VM operation: Cleanup
Event: 11841.333 Executing VM operation: Cleanup done
Event: 11841.560 Executing VM operation: HandshakeAllThreads
Event: 11841.560 Executing VM operation: HandshakeAllThreads done
Event: 11842.569 Executing VM operation: Cleanup
Event: 11842.569 Executing VM operation: Cleanup done

Events (20 events):
Event: 11841.175 Thread 0x000001f8dc1c1c60 Thread added: 0x000001f8dc1c1c60
Event: 11841.175 Thread 0x000001f8d4c119c0 Thread added: 0x000001f8d4c119c0
Event: 11841.176 Thread 0x000001f8d4c0e000 Thread added: 0x000001f8d4c0e000
Event: 11841.176 Thread 0x000001f8d4c0f810 Thread added: 0x000001f8d4c0f810
Event: 11841.224 Thread 0x000001f8d302c6c0 Thread added: 0x000001f8d302c6c0
Event: 11841.275 Thread 0x000001f8db599e00 Thread added: 0x000001f8db599e00
Event: 11841.275 Thread 0x000001f8db59ad30 Thread added: 0x000001f8db59ad30
Event: 11841.547 Thread 0x000001f8de0b6b60 Thread added: 0x000001f8de0b6b60
Event: 11841.549 Thread 0x000001f8de0b7500 Thread added: 0x000001f8de0b7500
Event: 11841.549 Thread 0x000001f8de0b79d0 Thread added: 0x000001f8de0b79d0
Event: 11841.549 Thread 0x000001f8de0b7ea0 Thread added: 0x000001f8de0b7ea0
Event: 11841.549 Thread 0x000001f8d5a24f70 Thread added: 0x000001f8d5a24f70
Event: 11841.549 Thread 0x000001f8d5a25de0 Thread added: 0x000001f8d5a25de0
Event: 11841.549 Thread 0x000001f8d5a26780 Thread added: 0x000001f8d5a26780
Event: 11841.550 Thread 0x000001f8d5a24aa0 Thread added: 0x000001f8d5a24aa0
Event: 11841.550 Thread 0x000001f8dc1c2600 Thread added: 0x000001f8dc1c2600
Event: 11841.936 Thread 0x000001f8db59ad30 Thread exited: 0x000001f8db59ad30
Event: 11842.057 Thread 0x000001f8db599e00 Thread exited: 0x000001f8db599e00
Event: 11842.633 Thread 0x000001f8dd35aea0 Thread added: 0x000001f8dd35aea0
Event: 11842.687 Thread 0x000001f8db599e00 Thread added: 0x000001f8db599e00


Dynamic libraries:
0x00007ff662110000 - 0x00007ff66211a000 	C:\Program Files\Android\Android Studio\jbr\bin\java.exe
0x00007ff81f290000 - 0x00007ff81f488000 	C:\WINDOWS\SYSTEM32\ntdll.dll
0x00007ff81d980000 - 0x00007ff81da3d000 	C:\WINDOWS\System32\KERNEL32.DLL
0x00007ff81cb40000 - 0x00007ff81ce0e000 	C:\WINDOWS\System32\KERNELBASE.dll
0x00007ff81ce10000 - 0x00007ff81cf10000 	C:\WINDOWS\System32\ucrtbase.dll
0x00007ff80daf0000 - 0x00007ff80db07000 	C:\Program Files\Android\Android Studio\jbr\bin\jli.dll
0x00007ff80c320000 - 0x00007ff80c33b000 	C:\Program Files\Android\Android Studio\jbr\bin\VCRUNTIME140.dll
0x00007ff81e440000 - 0x00007ff81e5e0000 	C:\WINDOWS\System32\USER32.dll
0x00007ff80d6f0000 - 0x00007ff80d98a000 	C:\WINDOWS\WinSxS\amd64_microsoft.windows.common-controls_6595b64144ccf1df_6.0.19041.1110_none_60b5254171f9507e\COMCTL32.dll
0x00007ff81cfb0000 - 0x00007ff81cfd2000 	C:\WINDOWS\System32\win32u.dll
0x00007ff81d660000 - 0x00007ff81d6fe000 	C:\WINDOWS\System32\msvcrt.dll
0x00007ff81d5d0000 - 0x00007ff81d5fa000 	C:\WINDOWS\System32\GDI32.dll
0x00007ff81d1e0000 - 0x00007ff81d2eb000 	C:\WINDOWS\System32\gdi32full.dll
0x00007ff81cf10000 - 0x00007ff81cfad000 	C:\WINDOWS\System32\msvcp_win.dll
0x00007ff81d5a0000 - 0x00007ff81d5d0000 	C:\WINDOWS\System32\IMM32.DLL
0x00007ff816740000 - 0x00007ff81674c000 	C:\Program Files\Android\Android Studio\jbr\bin\vcruntime140_1.dll
0x00007ffffba30000 - 0x00007ffffbabd000 	C:\Program Files\Android\Android Studio\jbr\bin\msvcp140.dll
0x00007fffb9290000 - 0x00007fffb9f10000 	C:\Program Files\Android\Android Studio\jbr\bin\server\jvm.dll
0x00007ff81e370000 - 0x00007ff81e41e000 	C:\WINDOWS\System32\ADVAPI32.dll
0x00007ff81d2f0000 - 0x00007ff81d38c000 	C:\WINDOWS\System32\sechost.dll
0x00007ff81d700000 - 0x00007ff81d825000 	C:\WINDOWS\System32\RPCRT4.dll
0x00007ff80e850000 - 0x00007ff80e859000 	C:\WINDOWS\SYSTEM32\WSOCK32.dll
0x00007ff80e860000 - 0x00007ff80e887000 	C:\WINDOWS\SYSTEM32\WINMM.dll
0x00007ff81da40000 - 0x00007ff81daab000 	C:\WINDOWS\System32\WS2_32.dll
0x00007ff813430000 - 0x00007ff81343a000 	C:\WINDOWS\SYSTEM32\VERSION.dll
0x00007ff81a880000 - 0x00007ff81a892000 	C:\WINDOWS\SYSTEM32\kernel.appcore.dll
0x00007ff8167f0000 - 0x00007ff8167fa000 	C:\Program Files\Android\Android Studio\jbr\bin\jimage.dll
0x00007ff816c30000 - 0x00007ff816e14000 	C:\WINDOWS\SYSTEM32\DBGHELP.DLL
0x00007ff816e90000 - 0x00007ff816ebc000 	C:\WINDOWS\SYSTEM32\dbgcore.DLL
0x00007ff81d150000 - 0x00007ff81d1d2000 	C:\WINDOWS\System32\bcryptPrimitives.dll
0x00007ff816750000 - 0x00007ff816775000 	C:\Program Files\Android\Android Studio\jbr\bin\java.dll
0x00007ff8166c0000 - 0x00007ff8166d8000 	C:\Program Files\Android\Android Studio\jbr\bin\zip.dll
0x00007ff81eb00000 - 0x00007ff81f243000 	C:\WINDOWS\System32\SHELL32.dll
0x00007ff81aa80000 - 0x00007ff81b215000 	C:\WINDOWS\SYSTEM32\windows.storage.dll
0x00007ff81dee0000 - 0x00007ff81e234000 	C:\WINDOWS\System32\combase.dll
0x00007ff81c260000 - 0x00007ff81c290000 	C:\WINDOWS\SYSTEM32\Wldp.dll
0x00007ff81dab0000 - 0x00007ff81db5d000 	C:\WINDOWS\System32\SHCORE.dll
0x00007ff81d600000 - 0x00007ff81d655000 	C:\WINDOWS\System32\shlwapi.dll
0x00007ff81c8f0000 - 0x00007ff81c90f000 	C:\WINDOWS\SYSTEM32\profapi.dll
0x00007ff8151b0000 - 0x00007ff8151c9000 	C:\Program Files\Android\Android Studio\jbr\bin\net.dll
0x00007ff815f10000 - 0x00007ff81601a000 	C:\WINDOWS\SYSTEM32\WINHTTP.dll
0x00007ff81c040000 - 0x00007ff81c0aa000 	C:\WINDOWS\system32\mswsock.dll
0x00007ff814aa0000 - 0x00007ff814ab6000 	C:\Program Files\Android\Android Studio\jbr\bin\nio.dll
0x00007ff8151a0000 - 0x00007ff8151b0000 	C:\Program Files\Android\Android Studio\jbr\bin\verify.dll
0x00007ff80c2d0000 - 0x00007ff80c2f7000 	C:\Users\snehal.dhuri\.gradle\native\e1d6ef7f7dcc3fd88c89a11ec53ec762bb8ba0a96d01ffa2cd45eb1d1d8dd5c5\windows-amd64\native-platform.dll
0x00007ffffb8e0000 - 0x00007ffffba24000 	C:\Users\snehal.dhuri\.gradle\native\0d407fdbe67a94daf76414ababcb853783967236a71b16ec16e742cd7a986fd3\windows-amd64\native-platform-file-events.dll
0x00007ff813b50000 - 0x00007ff813b59000 	C:\Program Files\Android\Android Studio\jbr\bin\management.dll
0x00007ff80ed20000 - 0x00007ff80ed2b000 	C:\Program Files\Android\Android Studio\jbr\bin\management_ext.dll
0x00007ff81e420000 - 0x00007ff81e428000 	C:\WINDOWS\System32\PSAPI.DLL
0x00007ff81c5a0000 - 0x00007ff81c5b8000 	C:\WINDOWS\SYSTEM32\CRYPTSP.dll
0x00007ff81b9e0000 - 0x00007ff81ba14000 	C:\WINDOWS\system32\rsaenh.dll
0x00007ff81c9b0000 - 0x00007ff81c9d7000 	C:\WINDOWS\System32\bcrypt.dll
0x00007ff81c8b0000 - 0x00007ff81c8de000 	C:\WINDOWS\SYSTEM32\USERENV.dll
0x00007ff81c1d0000 - 0x00007ff81c1dc000 	C:\WINDOWS\SYSTEM32\CRYPTBASE.dll
0x00007ff81bd50000 - 0x00007ff81bd8b000 	C:\WINDOWS\SYSTEM32\IPHLPAPI.DLL
0x00007ff81e430000 - 0x00007ff81e438000 	C:\WINDOWS\System32\NSI.dll
0x00007ff8180f0000 - 0x00007ff818107000 	C:\WINDOWS\SYSTEM32\dhcpcsvc6.DLL
0x00007ff8180d0000 - 0x00007ff8180ed000 	C:\WINDOWS\SYSTEM32\dhcpcsvc.DLL
0x00007ff81bd90000 - 0x00007ff81be5a000 	C:\WINDOWS\SYSTEM32\DNSAPI.dll
0x00007ff8166b0000 - 0x00007ff8166b7000 	C:\WINDOWS\system32\wshunix.dll
0x00007ff816f90000 - 0x00007ff816f9a000 	C:\Windows\System32\rasadhlp.dll
0x00007ff817f10000 - 0x00007ff817f90000 	C:\WINDOWS\System32\fwpuclnt.dll
0x00007ff81b570000 - 0x00007ff81b5a3000 	C:\WINDOWS\SYSTEM32\ntmarta.dll
0x00007ff80c220000 - 0x00007ff80c23e000 	C:\Users\snehal.dhuri\AppData\Local\Temp\native-platform15707517062424794940dir\native-platform.dll
0x00007ff80ee80000 - 0x00007ff80ee87000 	C:\Program Files\Android\Android Studio\jbr\bin\rmi.dll

dbghelp: loaded successfully - version: 4.0.5 - missing functions: none
symbol engine: initialized successfully - sym options: 0x614 - pdb path: .;C:\Program Files\Android\Android Studio\jbr\bin;C:\WINDOWS\SYSTEM32;C:\WINDOWS\WinSxS\amd64_microsoft.windows.common-controls_6595b64144ccf1df_6.0.19041.1110_none_60b5254171f9507e;C:\Program Files\Android\Android Studio\jbr\bin\server;C:\Users\snehal.dhuri\.gradle\native\e1d6ef7f7dcc3fd88c89a11ec53ec762bb8ba0a96d01ffa2cd45eb1d1d8dd5c5\windows-amd64;C:\Users\snehal.dhuri\.gradle\native\0d407fdbe67a94daf76414ababcb853783967236a71b16ec16e742cd7a986fd3\windows-amd64;C:\Users\snehal.dhuri\AppData\Local\Temp\native-platform15707517062424794940dir

VM Arguments:
jvm_args: --add-opens=java.base/java.util=ALL-UNNAMED --add-opens=java.base/java.lang=ALL-UNNAMED --add-opens=java.base/java.lang.invoke=ALL-UNNAMED --add-opens=java.base/java.util=ALL-UNNAMED --add-opens=java.prefs/java.util.prefs=ALL-UNNAMED --add-opens=java.prefs/java.util.prefs=ALL-UNNAMED --add-opens=java.base/java.nio.charset=ALL-UNNAMED --add-opens=java.base/java.net=ALL-UNNAMED --add-opens=java.base/java.util.concurrent.atomic=ALL-UNNAMED -Xmx2048m -Dfile.encoding=UTF-8 -Duser.country=US -Duser.language=en -Duser.variant 
java_command: org.gradle.launcher.daemon.bootstrap.GradleDaemon 7.5
java_class_path (initial): C:\Users\snehal.dhuri\.gradle\wrapper\dists\gradle-7.5-bin\f1w0cc9nuo0eivz97x2xlu9sv\gradle-7.5\lib\gradle-launcher-7.5.jar
Launcher Type: SUN_STANDARD

[Global flags]
     intx CICompilerCount                          = 4                                         {product} {ergonomic}
     uint ConcGCThreads                            = 2                                         {product} {ergonomic}
     uint G1ConcRefinementThreads                  = 8                                         {product} {ergonomic}
   size_t G1HeapRegionSize                         = 1048576                                   {product} {ergonomic}
    uintx GCDrainStackTargetSize                   = 64                                        {product} {ergonomic}
   size_t InitialHeapSize                          = 264241152                                 {product} {ergonomic}
   size_t MarkStackSize                            = 4194304                                   {product} {ergonomic}
   size_t MaxHeapSize                              = 2147483648                                {product} {command line}
   size_t MaxNewSize                               = 1287651328                                {product} {ergonomic}
   size_t MinHeapDeltaBytes                        = 1048576                                   {product} {ergonomic}
   size_t MinHeapSize                              = 8388608                                   {product} {ergonomic}
    uintx NonNMethodCodeHeapSize                   = 5839372                                {pd product} {ergonomic}
    uintx NonProfiledCodeHeapSize                  = 122909434                              {pd product} {ergonomic}
    uintx ProfiledCodeHeapSize                     = 122909434                              {pd product} {ergonomic}
    uintx ReservedCodeCacheSize                    = 251658240                              {pd product} {ergonomic}
     bool SegmentedCodeCache                       = true                                      {product} {ergonomic}
   size_t SoftMaxHeapSize                          = 2147483648                             {manageable} {ergonomic}
     bool UseCompressedClassPointers               = true                           {product lp64_product} {ergonomic}
     bool UseCompressedOops                        = true                           {product lp64_product} {ergonomic}
     bool UseG1GC                                  = true                                      {product} {ergonomic}
     bool UseLargePagesIndividualAllocation        = false                                  {pd product} {ergonomic}

Logging:
Log output configuration:
 #0: stdout all=warning uptime,level,tags
 #1: stderr all=off uptime,level,tags

Environment Variables:
PATH=C:\ProgramData\Oracle\Java\javapath;C:\WINDOWS\system32;C:\WINDOWS;C:\WINDOWS\System32\Wbem;C:\WINDOWS\System32\WindowsPowerShell\v1.0\;C:\WINDOWS\System32\OpenSSH\;C:\Program Files (x86)\Microsoft SQL Server\150\DTS\Binn\;C:\Program Files\Azure Data Studio\bin;C:\Program Files\Git\cmd;C:\Program Files (x86)\GitExtensions\;C:\Program Files\Microsoft VS Code\bin;C:\Program Files\nodejs\;D:\kotlinc\bin;C:\Program Files\Java\jdk1.8.0_66\bin;C:\ProgramData\Oracle\Java\javapath;C:\Users\snehal.dhuri\AppData\Local\Microsoft\WindowsApps;C:\Users\snehal.dhuri\AppData\Roaming\npm;
USERNAME=snehal.dhuri
OS=Windows_NT
PROCESSOR_IDENTIFIER=Intel64 Family 6 Model 58 Stepping 9, GenuineIntel
TMP=C:\Users\SNEHAL~1.DHU\AppData\Local\Temp
TEMP=C:\Users\SNEHAL~1.DHU\AppData\Local\Temp


JNI global refs:
JNI global refs: 29, weak refs: 0

JNI global refs memory usage: 843, weak refs: 841

OOME stack traces (most recent first):
Classloader memory used:
Loader org.gradle.internal.classloader.VisitableURLClassLoader                         : 7425K
Loader org.gradle.internal.classloader.VisitableURLClassLoader                         : 5125K
Loader bootstrap                                                                       : 4174K
Loader org.gradle.initialization.MixInLegacyTypesClassLoader                           : 1574K
Loader jdk.internal.loader.ClassLoaders$AppClassLoader                                 : 1336K
Loader jdk.internal.reflect.DelegatingClassLoader                                      : 682K
Loader java.net.URLClassLoader                                                         : 265K
Loader jdk.internal.loader.ClassLoaders$PlatformClassLoader                            : 153K
Loader org.gradle.groovy.scripts.internal.DefaultScriptCompilationHandler$ScriptClassLoader: 18719B
Loader org.codehaus.groovy.runtime.callsite.CallSiteClassLoader                        : 2983B
Loader sun.reflect.misc.MethodUtil                                                     : 519B

Classes loaded by more than one classloader:
Class kotlin.io.CloseableKt                                                           : loaded 2 times (x 69B)
Class com.google.common.reflect.TypeCapture                                           : loaded 2 times (x 69B)
Class org.gradle.internal.installation.GradleInstallation                             : loaded 2 times (x 73B)
Class settings_73r8by4cti074jha3j95c8tbb$_run_closure1                                : loaded 2 times (x 134B)
Class [Lcom.google.common.collect.MapMakerInternalMap$Segment;                        : loaded 2 times (x 67B)
Class com.google.common.collect.Iterators$MergingIterator                             : loaded 2 times (x 79B)
Class kotlin.collections.ArraysKt__ArraysJVMKt                                        : loaded 2 times (x 69B)
Class com.google.common.io.Closer$SuppressingSuppressor                               : loaded 2 times (x 72B)
Class net.rubygrapefruit.platform.internal.FunctionResult$Failure                     : loaded 2 times (x 77B)
Class org.objectweb.asm.ModuleVisitor                                                 : loaded 2 times (x 78B)
Class com.google.common.collect.Maps$IteratorBasedAbstractMap$1                       : loaded 2 times (x 136B)
Class com.google.common.io.ByteSource                                                 : loaded 2 times (x 82B)
Class kotlin.collections.CollectionsKt__IterablesKt                                   : loaded 2 times (x 69B)
Class [Lcom.google.common.collect.AbstractMapEntry;                                   : loaded 2 times (x 67B)
Class com.google.common.collect.ImmutableRangeSet$AsSet                               : loaded 2 times (x 233B)
Class com.google.common.collect.SingletonImmutableList                                : loaded 2 times (x 167B)
Class com.google.common.cache.CacheLoader$SupplierToCacheLoader                       : loaded 2 times (x 73B)
Class org.gradle.internal.classpath.ClassPath                                         : loaded 2 times (x 68B)
Class com.google.common.io.FileWriteMode                                              : loaded 2 times (x 77B)
Class com.google.common.cache.RemovalListener                                         : loaded 2 times (x 68B)
Class org.gradle.api.internal.classpath.DefaultModuleRegistry                         : loaded 2 times (x 84B)
Class com.google.common.collect.ImmutableBiMap$SerializedForm                         : loaded 2 times (x 73B)
Class com.google.common.collect.FluentIterable$1                                      : loaded 2 times (x 79B)
Class com.google.common.collect.FluentIterable$2                                      : loaded 2 times (x 79B)
Class com.google.common.collect.FluentIterable$3                                      : loaded 2 times (x 79B)
Class com.google.common.collect.ImmutableEnumSet                                      : loaded 2 times (x 146B)
Class [Lcom.google.common.collect.MapMaker$Dummy;                                     : loaded 2 times (x 67B)
Class com.google.common.collect.ListMultimap                                          : loaded 2 times (x 68B)
Class com.google.common.base.CharMatcher$JavaDigit                                    : loaded 2 times (x 109B)
Class kotlin.io.FileTreeWalk$WalkState                                                : loaded 2 times (x 71B)
Class kotlin.text.DelimitedRangesSequence$iterator$1                                  : loaded 2 times (x 77B)
Class com.google.common.base.CharMatcher$Digit                                        : loaded 2 times (x 110B)
Class com.google.common.collect.AbstractMultimap                                      : loaded 2 times (x 121B)
Class kotlin.io.FilesKt__FilePathComponentsKt                                         : loaded 2 times (x 69B)
Class kotlin.text.StringsKt__RegexExtensionsJVMKt                                     : loaded 2 times (x 69B)
Class com.google.common.io.ByteSource$ConcatenatedByteSource                          : loaded 2 times (x 83B)
Class com.google.common.cache.CacheBuilder$OneWeigher                                 : loaded 2 times (x 80B)
Class org.gradle.api.Action                                                           : loaded 2 times (x 68B)
Class com.google.common.collect.ImmutableBiMap$Builder                                : loaded 2 times (x 78B)
Class com.google.common.io.ByteSource$SlicedByteSource                                : loaded 2 times (x 83B)
Class kotlin.ranges.RangesKt                                                          : loaded 2 times (x 69B)
Class com.google.common.io.ByteArrayDataOutput                                        : loaded 2 times (x 68B)
Class com.google.common.collect.ImmutableEntry                                        : loaded 2 times (x 80B)
Class com.google.common.collect.Lists$StringAsImmutableList                           : loaded 2 times (x 167B)
Class com.google.common.collect.ImmutableMap$SerializedForm                           : loaded 2 times (x 71B)
Class kotlin.text.StringsKt__AppendableKt                                             : loaded 2 times (x 69B)
Class com.google.common.cache.LocalCache$StrongEntry                                  : loaded 2 times (x 106B)
Class com.google.common.collect.MapMakerInternalMap$InternalEntryHelper               : loaded 2 times (x 68B)
Class org.objectweb.asm.FieldWriter                                                   : loaded 2 times (x 75B)
Class com.google.common.base.CharMatcher                                              : loaded 2 times (x 109B)
Class [Lkotlin.collections.State;                                                     : loaded 2 times (x 67B)
Class com.google.common.base.CharMatcher$IsNot                                        : loaded 2 times (x 109B)
Class com.google.common.collect.RegularImmutableSortedSet                             : loaded 2 times (x 233B)
Class com.google.common.collect.Maps$IteratorBasedAbstractMap                         : loaded 2 times (x 123B)
Class net.rubygrapefruit.platform.internal.FunctionResult                             : loaded 2 times (x 75B)
Class com.google.common.collect.SetMultimap                                           : loaded 2 times (x 68B)
Class com.google.common.base.Splitter                                                 : loaded 2 times (x 70B)
Class [Lcom.google.common.cache.Weigher;                                              : loaded 2 times (x 67B)
Class com.google.common.collect.Iterators$ArrayItr                                    : loaded 2 times (x 95B)
Class com.google.common.collect.MapMakerInternalMap$Strength                          : loaded 2 times (x 78B)
Class com.google.common.cache.LocalCache$Segment                                      : loaded 2 times (x 152B)
Class org.gradle.api.internal.DefaultClassPathProvider                                : loaded 2 times (x 74B)
Class org.gradle.internal.installation.GradleInstallation$1                           : loaded 2 times (x 73B)
Class com.google.common.cache.LocalCache$AbstractReferenceEntry                       : loaded 2 times (x 105B)
Class org.objectweb.asm.Type                                                          : loaded 2 times (x 70B)
Class com.google.common.util.concurrent.AbstractFuture$Failure                        : loaded 2 times (x 70B)
Class com.google.common.base.CharMatcher$BitSetMatcher                                : loaded 2 times (x 110B)
Class com.google.common.collect.ImmutableMap$IteratorBasedImmutableMap                : loaded 2 times (x 123B)
Class kotlin.ranges.IntProgression                                                    : loaded 2 times (x 79B)
Class com.google.common.reflect.Reflection                                            : loaded 2 times (x 69B)
Class com.google.common.io.Files$FileByteSource                                       : loaded 2 times (x 83B)
Class com.google.common.collect.ImmutableMap                                          : loaded 2 times (x 118B)
Class com.google.common.base.Converter                                                : loaded 2 times (x 88B)
Class com.google.common.collect.ImmutableSortedSetFauxverideShim                      : loaded 2 times (x 145B)
Class kotlin.Lazy                                                                     : loaded 2 times (x 68B)
Class kotlin.comparisons.ComparisonsKt                                                : loaded 2 times (x 69B)
Class kotlin.io.FilesKt                                                               : loaded 2 times (x 69B)
Class kotlin.collections.CollectionsKt__CollectionsKt                                 : loaded 2 times (x 69B)
Class kotlin.io.FileSystemException                                                   : loaded 2 times (x 80B)
Class com.google.common.base.Equivalence                                              : loaded 2 times (x 80B)
Class com.google.common.primitives.Ints                                               : loaded 2 times (x 69B)
Class com.google.common.cache.LocalCache$EntryFactory$1                               : loaded 2 times (x 81B)
Class kotlin.collections.ArraysKt__ArraysKt                                           : loaded 2 times (x 69B)
Class com.google.common.cache.LocalCache$EntryFactory$2                               : loaded 2 times (x 81B)
Class [Lkotlin.io.FileWalkDirection;                                                  : loaded 2 times (x 67B)
Class com.google.common.cache.LocalCache$EntryFactory$3                               : loaded 2 times (x 81B)
Class [Lcom.google.common.collect.Maps$EntryFunction;                                 : loaded 2 times (x 67B)
Class com.google.common.cache.LocalCache$EntryFactory$4                               : loaded 2 times (x 81B)
Class com.google.common.cache.LocalCache$EntryFactory$5                               : loaded 2 times (x 81B)
Class com.google.common.cache.LocalCache$EntryFactory$6                               : loaded 2 times (x 81B)
Class com.google.common.reflect.TypeResolver$TypeVariableKey                          : loaded 2 times (x 70B)
Class com.google.common.cache.LocalCache$EntryFactory$7                               : loaded 2 times (x 81B)
Class com.google.common.cache.LocalCache$EntryFactory$8                               : loaded 2 times (x 81B)
Class com.google.common.base.Predicate                                                : loaded 2 times (x 68B)
Class kotlin.text.StringsKt                                                           : loaded 2 times (x 69B)
Class com.google.common.cache.LocalCache$StrongValueReference                         : loaded 2 times (x 88B)
Class org.gradle.internal.classloader.FilteringClassLoader                            : loaded 2 times (x 102B)
Class com.google.common.collect.AbstractMapBasedMultimap$WrappedCollection            : loaded 2 times (x 122B)
Class com.google.common.reflect.TypeResolver$TypeTable                                : loaded 2 times (x 71B)
Class com.google.common.reflect.Invokable$MethodInvokable                             : loaded 2 times (x 120B)
Class com.google.common.collect.RegularImmutableSet                                   : loaded 2 times (x 146B)
Class kotlin.jvm.internal.Lambda                                                      : loaded 2 times (x 73B)
Class [Lcom.google.common.cache.LocalCache$Strength;                                  : loaded 2 times (x 67B)
Class org.gradle.internal.classpath.DefaultClassPath$ImmutableUniqueList$Builder      : loaded 2 times (x 73B)
Class com.google.common.collect.AbstractRangeSet                                      : loaded 2 times (x 112B)
Class kotlin.UninitializedPropertyAccessException                                     : loaded 2 times (x 80B)
Class com.google.common.collect.SortedSetMultimap                                     : loaded 2 times (x 68B)
Class com.google.common.collect.Maps$8                                                : loaded 2 times (x 80B)
Class com.google.common.base.PatternCompiler                                          : loaded 2 times (x 68B)
Class [Lcom.google.common.cache.CacheBuilder$NullListener;                            : loaded 2 times (x 67B)
Class com.google.common.base.CharMatcher$InRange                                      : loaded 2 times (x 109B)
Class com.google.common.collect.Maps$KeySet                                           : loaded 2 times (x 135B)
Class com.google.common.collect.Sets$SetView                                          : loaded 2 times (x 136B)
Class settings_73r8by4cti074jha3j95c8tbb$_run_closure1$_closure2                      : loaded 2 times (x 134B)
Class com.google.common.collect.BiMap                                                 : loaded 2 times (x 68B)
Class com.google.common.collect.Lists                                                 : loaded 2 times (x 69B)
Class org.objectweb.asm.AnnotationWriter                                              : loaded 2 times (x 76B)
Class com.google.common.math.IntMath$1                                                : loaded 2 times (x 69B)
Class org.gradle.internal.classloader.ClassLoaderVisitor                              : loaded 2 times (x 74B)
Class [Lcom.google.common.collect.HashBiMap$BiEntry;                                  : loaded 2 times (x 67B)
Class org.objectweb.asm.Label                                                         : loaded 2 times (x 71B)
Class com.google.common.cache.CacheBuilder$NullListener                               : loaded 2 times (x 80B)
Class com.google.common.collect.ImmutableMultimap                                     : loaded 2 times (x 145B)
Class org.apache.commons.io.filefilter.IOFileFilter                                   : loaded 2 times (x 68B)
Class com.google.common.math.MathPreconditions                                        : loaded 2 times (x 69B)
Class com.google.common.io.ByteStreams$1                                              : loaded 2 times (x 83B)
Class kotlin.text.StringsKt__RegexExtensionsKt                                        : loaded 2 times (x 69B)
Class org.gradle.internal.service.DefaultServiceLocator                               : loaded 2 times (x 81B)
Class kotlin.text.StringsKt__StringBuilderJVMKt                                       : loaded 2 times (x 69B)
Class org.gradle.internal.service.UnknownServiceException                             : loaded 2 times (x 81B)
Class kotlin.collections.SetsKt___SetsKt                                              : loaded 2 times (x 69B)
Class com.google.common.util.concurrent.AbstractFuture$SynchronizedHelper             : loaded 2 times (x 74B)
Class com.google.common.collect.ArrayListMultimap                                     : loaded 2 times (x 170B)
Class com.google.common.collect.Collections2$FilteredCollection                       : loaded 2 times (x 117B)
Class kotlin.text.StringsKt__StringsJVMKt                                             : loaded 2 times (x 69B)
Class com.google.common.base.Strings                                                  : loaded 2 times (x 69B)
Class com.google.common.io.Closer                                                     : loaded 2 times (x 76B)
Class com.google.common.cache.LocalCache$Values                                       : loaded 2 times (x 116B)
Class com.google.common.cache.CacheLoader$InvalidCacheLoadException                   : loaded 2 times (x 80B)
Class org.gradle.internal.classloader.DefaultClassLoaderFactory                       : loaded 2 times (x 80B)
Class com.google.common.collect.UnmodifiableIterator                                  : loaded 2 times (x 78B)
Class com.google.common.collect.Sets$2$1                                              : loaded 2 times (x 80B)
Class com.google.common.base.Stopwatch                                                : loaded 2 times (x 70B)
Class kotlin.io.FileTreeWalk$FileTreeWalkIterator$WhenMappings                        : loaded 2 times (x 69B)
Class com.google.common.reflect.Types                                                 : loaded 2 times (x 69B)
Class com.google.common.base.Platform$JdkPatternCompiler                              : loaded 2 times (x 73B)
Class net.rubygrapefruit.platform.ProcessLauncher                                     : loaded 2 times (x 68B)
Class com.google.common.collect.Interners$InternerImpl                                : loaded 2 times (x 73B)
Class kotlin.collections.CollectionsKt__MutableCollectionsKt                          : loaded 2 times (x 69B)
Class com.google.common.cache.LocalCache$LoadingValueReference                        : loaded 2 times (x 94B)
Class com.google.common.base.CharMatcher$SingleWidth                                  : loaded 2 times (x 110B)
Class com.google.common.collect.Hashing                                               : loaded 2 times (x 69B)
Class com.google.common.io.ByteStreams$LimitedInputStream                             : loaded 2 times (x 90B)
Class com.google.common.collect.MapMakerInternalMap$AbstractStrongKeyEntry            : loaded 2 times (x 80B)
Class com.google.common.collect.ImmutableRangeSet$ComplementRanges                    : loaded 2 times (x 167B)
Class org.objectweb.asm.Context                                                       : loaded 2 times (x 70B)
Class [Lcom.google.common.reflect.Types$ClassOwnership;                               : loaded 2 times (x 67B)
Class kotlin.collections.CollectionsKt__ReversedViewsKt                               : loaded 2 times (x 69B)
Class com.google.common.base.JdkPattern                                               : loaded 2 times (x 73B)
Class com.google.common.base.Optional                                                 : loaded 2 times (x 78B)
Class com.google.common.collect.Multimap                                              : loaded 2 times (x 68B)
Class [Lcom.google.common.cache.RemovalCause;                                         : loaded 2 times (x 67B)
Class com.google.common.base.FunctionalEquivalence                                    : loaded 2 times (x 81B)
Class org.objectweb.asm.AnnotationVisitor                                             : loaded 2 times (x 75B)
Class org.objectweb.asm.RecordComponentWriter                                         : loaded 2 times (x 76B)
Class com.google.common.cache.LocalCache$1                                            : loaded 2 times (x 87B)
Class com.google.common.cache.LocalCache$2                                            : loaded 2 times (x 140B)
Class kotlin.collections.AbstractIterator$WhenMappings                                : loaded 2 times (x 69B)
Class com.google.common.collect.RegularImmutableBiMap                                 : loaded 2 times (x 147B)
Class kotlin.sequences.SequencesKt__SequenceBuilderKt                                 : loaded 2 times (x 69B)
Class kotlin.text.StringsKt__StringNumberConversionsKt                                : loaded 2 times (x 69B)
Class org.gradle.internal.classloader.VisitableURLClassLoader$Spec                    : loaded 2 times (x 72B)
Class org.gradle.api.GradleException                                                  : loaded 2 times (x 80B)
Class com.google.common.base.CharMatcher$JavaLetterOrDigit                            : loaded 2 times (x 109B)
Class org.gradle.api.internal.classpath.ModuleRegistry                                : loaded 2 times (x 68B)
Class com.google.common.collect.ForwardingObject                                      : loaded 2 times (x 70B)
Class com.google.common.reflect.TypeToken$1                                           : loaded 2 times (x 123B)
Class com.google.common.cache.CacheBuilder                                            : loaded 2 times (x 70B)
Class com.google.common.reflect.TypeToken$2                                           : loaded 2 times (x 123B)
Class org.objectweb.asm.ByteVector                                                    : loaded 2 times (x 76B)
Class com.google.common.collect.ImmutableCollection                                   : loaded 2 times (x 123B)
Class com.google.common.collect.ImmutableRangeSet                                     : loaded 2 times (x 113B)
Class kotlin.jvm.internal.markers.KMappedMarker                                       : loaded 2 times (x 68B)
Class com.google.common.base.PairwiseEquivalence                                      : loaded 2 times (x 81B)
Class com.google.common.base.Ticker                                                   : loaded 2 times (x 70B)
Class org.gradle.api.internal.ClassPathProvider                                       : loaded 2 times (x 68B)
Class com.google.common.collect.RegularImmutableMap$Values                            : loaded 2 times (x 167B)
Class org.objectweb.asm.ModuleWriter                                                  : loaded 2 times (x 79B)
Class org.gradle.internal.classloader.ClasspathUtil$1                                 : loaded 2 times (x 74B)
Class com.google.common.io.ByteSource$AsCharSource                                    : loaded 2 times (x 84B)
Class com.google.common.collect.ImmutableEnumMap                                      : loaded 2 times (x 123B)
Class kotlin.io.FileTreeWalk                                                          : loaded 2 times (x 73B)
Class kotlin.sequences.TransformingSequence                                           : loaded 2 times (x 73B)
Class com.google.common.collect.ImmutableList$ReverseImmutableList                    : loaded 2 times (x 168B)
Class net.rubygrapefruit.platform.internal.Platform$Posix                             : loaded 2 times (x 79B)
Class kotlin.collections.CollectionsKt__MutableCollectionsJVMKt                       : loaded 2 times (x 69B)
Class kotlin.collections.EmptyList                                                    : loaded 2 times (x 134B)
Class com.google.common.cache.AbstractCache$StatsCounter                              : loaded 2 times (x 68B)
Class com.google.common.collect.Maps$EntryFunction$1                                  : loaded 2 times (x 89B)
Class com.google.common.collect.Maps$EntryFunction$2                                  : loaded 2 times (x 89B)
Class org.objectweb.asm.FieldVisitor                                                  : loaded 2 times (x 74B)
Class org.objectweb.asm.Symbol                                                        : loaded 2 times (x 71B)
Class com.google.common.reflect.TypeToken                                             : loaded 2 times (x 71B)
Class com.google.common.cache.LocalCache$Strength$1                                   : loaded 2 times (x 79B)
Class com.google.common.cache.LocalCache$Strength$2                                   : loaded 2 times (x 79B)
Class com.google.common.cache.LocalCache$Strength$3                                   : loaded 2 times (x 79B)
Class org.gradle.internal.classloader.ClassLoaderFactory                              : loaded 2 times (x 68B)
Class com.google.common.collect.ObjectArrays                                          : loaded 2 times (x 69B)
Class kotlin.io.LinesSequence$iterator$1                                              : loaded 2 times (x 77B)
Class com.google.common.base.Absent                                                   : loaded 2 times (x 78B)
Class com.google.common.util.concurrent.AbstractFuture$Waiter                         : loaded 2 times (x 70B)
Class com.google.common.util.concurrent.Uninterruptibles                              : loaded 2 times (x 69B)
Class com.google.common.collect.Iterators$10                                          : loaded 2 times (x 79B)
Class com.google.common.collect.Iterators$EmptyModifiableIterator                     : loaded 2 times (x 84B)
Class com.google.common.collect.ImmutableList                                         : loaded 2 times (x 166B)
Class org.gradle.api.internal.classpath.ManifestUtil                                  : loaded 2 times (x 69B)
Class org.gradle.api.specs.Spec                                                       : loaded 2 times (x 68B)
Class com.google.common.collect.RangeSet                                              : loaded 2 times (x 68B)
Class kotlin.jvm.internal.Intrinsics                                                  : loaded 2 times (x 69B)
Class com.google.common.cache.CacheLoader$UnsupportedLoadingOperationException        : loaded 2 times (x 80B)
Class com.google.common.base.CharMatcher$Whitespace                                   : loaded 2 times (x 110B)
Class com.google.common.util.concurrent.ListenableFuture                              : loaded 2 times (x 68B)
Class com.google.common.collect.MapMaker$Dummy                                        : loaded 2 times (x 77B)
Class kotlin.text.StringsKt___StringsJvmKt                                            : loaded 2 times (x 69B)
Class com.google.common.collect.Iterators$1                                           : loaded 2 times (x 79B)
Class com.google.common.collect.BaseImmutableMultimap                                 : loaded 2 times (x 121B)
Class com.google.common.collect.Iterators$4                                           : loaded 2 times (x 80B)
Class com.google.common.collect.Iterators$5                                           : loaded 2 times (x 80B)
Class com.google.common.collect.Iterators$6                                           : loaded 2 times (x 79B)
Class com.google.common.util.concurrent.AbstractFuture$UnsafeAtomicHelper             : loaded 2 times (x 74B)
Class com.google.common.base.Joiner                                                   : loaded 2 times (x 77B)
Class com.google.common.base.Equivalence$Equals                                       : loaded 2 times (x 80B)
Class com.google.common.base.Preconditions                                            : loaded 2 times (x 69B)
Class com.google.common.base.Function                                                 : loaded 2 times (x 68B)
Class com.google.common.collect.Iterators$9                                           : loaded 2 times (x 79B)
Class [Lnet.rubygrapefruit.platform.internal.FunctionResult$Failure;                  : loaded 2 times (x 67B)
Class net.rubygrapefruit.platform.internal.Platform$Windows                           : loaded 2 times (x 77B)
Class org.gradle.internal.IoActions                                                   : loaded 2 times (x 69B)
Class com.google.common.collect.MapMakerInternalMap$StrongKeyDummyValueEntry$Helper   : loaded 2 times (x 77B)
Class com.google.common.cache.ReferenceEntry                                          : loaded 2 times (x 68B)
Class com.google.common.collect.RegularImmutableMap$KeySet                            : loaded 2 times (x 148B)
Class com.google.common.collect.CollectPreconditions                                  : loaded 2 times (x 69B)
Class kotlin.sequences.SequencesKt                                                    : loaded 2 times (x 69B)
Class [Lcom.google.common.base.Function;                                              : loaded 2 times (x 67B)
Class com.google.common.primitives.IntsMethodsForWeb                                  : loaded 2 times (x 69B)
Class com.google.common.collect.RangeGwtSerializationDependencies                     : loaded 2 times (x 69B)
Class kotlin.io.TextStreamsKt                                                         : loaded 2 times (x 69B)
Class kotlin.collections.EmptyIterator                                                : loaded 2 times (x 87B)
Class com.google.common.collect.Maps                                                  : loaded 2 times (x 69B)
Class com.google.common.collect.RegularImmutableMap                                   : loaded 2 times (x 119B)
Class com.google.common.collect.AbstractIndexedListIterator                           : loaded 2 times (x 94B)
Class kotlin.comparisons.ComparisonsKt___ComparisonsJvmKt                             : loaded 2 times (x 69B)
Class net.rubygrapefruit.platform.internal.NativeLibraryLocator                       : loaded 2 times (x 71B)
Class com.google.common.base.CharMatcher$None                                         : loaded 2 times (x 110B)
Class [Lorg.objectweb.asm.Attribute;                                                  : loaded 2 times (x 67B)
Class org.gradle.api.internal.classpath.EffectiveClassPath                            : loaded 2 times (x 88B)
Class com.google.common.collect.UnmodifiableListIterator                              : loaded 2 times (x 93B)
Class com.google.common.io.Files                                                      : loaded 2 times (x 69B)
Class com.google.common.cache.CacheLoader$FunctionToCacheLoader                       : loaded 2 times (x 73B)
Class com.google.common.cache.CacheBuilder$1                                          : loaded 2 times (x 83B)
Class com.google.common.cache.CacheBuilder$2                                          : loaded 2 times (x 77B)
Class com.google.common.collect.ImmutableList$1                                       : loaded 2 times (x 95B)
Class com.google.common.base.Splitter$Strategy                                        : loaded 2 times (x 68B)
Class com.google.common.cache.CacheBuilder$3                                          : loaded 2 times (x 70B)
Class com.google.common.collect.ImmutableMapEntrySet$RegularEntrySet                  : loaded 2 times (x 149B)
Class com.google.common.base.Predicates$CompositionPredicate                          : loaded 2 times (x 86B)
Class [Lcom.google.common.cache.RemovalListener;                                      : loaded 2 times (x 67B)
Class [Lcom.google.common.collect.ImmutableMapEntry;                                  : loaded 2 times (x 67B)
Class net.rubygrapefruit.platform.internal.Platform$Unsupported                       : loaded 2 times (x 77B)
Class com.google.common.collect.Interners                                             : loaded 2 times (x 69B)
Class kotlin.io.FileTreeWalk$FileTreeWalkIterator                                     : loaded 2 times (x 81B)
Class com.google.common.collect.MapMakerInternalMap$Strength$1                        : loaded 2 times (x 78B)
Class org.gradle.internal.installation.CurrentGradleInstallation                      : loaded 2 times (x 71B)
Class com.google.common.collect.MapMakerInternalMap$Strength$2                        : loaded 2 times (x 78B)
Class kotlin.Metadata                                                                 : loaded 2 times (x 68B)
Class org.gradle.internal.installation.CurrentGradleInstallationLocator               : loaded 2 times (x 69B)
Class kotlin.collections.CollectionsKt__IteratorsJVMKt                                : loaded 2 times (x 69B)
Class [Lcom.google.common.cache.LocalCache$Segment;                                   : loaded 2 times (x 67B)
Class org.gradle.api.internal.classpath.Module                                        : loaded 2 times (x 68B)
Class com.google.common.io.ByteSource$ByteArrayByteSource                             : loaded 2 times (x 83B)
Class com.google.common.collect.Multimaps$CustomSetMultimap                           : loaded 2 times (x 176B)
Class kotlin.sequences.FilteringSequence                                              : loaded 2 times (x 73B)
Class com.google.common.collect.ImmutableSortedSet                                    : loaded 2 times (x 233B)
Class kotlin.annotation.Target                                                        : loaded 2 times (x 68B)
Class com.google.common.base.Splitter$1$1                                             : loaded 2 times (x 84B)
Class net.rubygrapefruit.platform.internal.NativeLibraryLoader                        : loaded 2 times (x 71B)
Class com.google.common.collect.MapMakerInternalMap$Segment                           : loaded 2 times (x 140B)
Class kotlin.sequences.SequencesKt__SequencesKt                                       : loaded 2 times (x 69B)
Class kotlin.LazyKt                                                                   : loaded 2 times (x 69B)
Class kotlin.sequences.SequencesKt__SequencesJVMKt                                    : loaded 2 times (x 69B)
Class com.google.common.collect.ImmutableSet$JdkBackedSetBuilderImpl                  : loaded 2 times (x 74B)
Class com.google.common.reflect.Types$TypeVariableInvocationHandler                   : loaded 2 times (x 73B)
Class com.google.common.reflect.Types$ClassOwnership                                  : loaded 2 times (x 78B)
Class com.google.common.collect.ImmutableSet$RegularSetBuilderImpl                    : loaded 2 times (x 75B)
Class [Lorg.objectweb.asm.AnnotationWriter;                                           : loaded 2 times (x 67B)
Class org.gradle.internal.service.CachingServiceLocator                               : loaded 2 times (x 80B)
Class kotlin.NoWhenBranchMatchedException                                             : loaded 2 times (x 80B)
Class [Lcom.google.common.collect.ImmutableEntry;                                     : loaded 2 times (x 67B)
Class kotlin.text.StringsKt__StringBuilderKt                                          : loaded 2 times (x 69B)
Class net.rubygrapefruit.platform.internal.Platform$Linux64Bit                        : loaded 2 times (x 81B)
Class kotlin.sequences.FilteringSequence$iterator$1                                   : loaded 2 times (x 77B)
Class org.objectweb.asm.Handle                                                        : loaded 2 times (x 70B)
Class com.google.common.collect.Sets$ImprovedAbstractSet                              : loaded 2 times (x 133B)
Class org.gradle.internal.classpath.DefaultClassPath                                  : loaded 2 times (x 88B)
Class com.google.common.collect.AbstractSetMultimap                                   : loaded 2 times (x 172B)
Class com.google.common.collect.MapMakerInternalMap$1                                 : loaded 2 times (x 81B)
Class org.gradle.api.Transformer                                                      : loaded 2 times (x 68B)
Class kotlin.annotation.Retention                                                     : loaded 2 times (x 68B)
Class com.google.common.util.concurrent.AbstractFuture$SetFuture                      : loaded 2 times (x 73B)
Class kotlin.collections.CollectionsKt__CollectionsJVMKt                              : loaded 2 times (x 69B)
Class kotlin.sequences.SequencesKt___SequencesKt                                      : loaded 2 times (x 69B)
Class com.google.common.collect.CollectCollectors                                     : loaded 2 times (x 69B)
Class kotlin.collections.SetsKt__SetsJVMKt                                            : loaded 2 times (x 69B)
Class com.google.common.collect.TransformedIterator                                   : loaded 2 times (x 78B)
Class com.google.common.base.Splitter$SplittingIterator                               : loaded 2 times (x 82B)
Class com.google.common.reflect.TypeParameter                                         : loaded 2 times (x 70B)
Class com.google.common.cache.LocalCache$LocalManualCache$1                           : loaded 2 times (x 73B)
Class com.google.common.reflect.Types$ClassOwnership$1LocalClass                      : loaded 2 times (x 69B)
Class kotlin.jvm.functions.Function0                                                  : loaded 2 times (x 68B)
Class com.google.common.collect.Lists$RandomAccessReverseList                         : loaded 2 times (x 160B)
Class kotlin.jvm.functions.Function1                                                  : loaded 2 times (x 68B)
Class kotlin.jvm.functions.Function2                                                  : loaded 2 times (x 68B)
Class [Lcom.google.common.collect.AbstractIterator$State;                             : loaded 2 times (x 67B)
Class org.objectweb.asm.SymbolTable$Entry                                             : loaded 2 times (x 72B)
Class [Lcom.google.common.cache.LocalCache$EntryFactory;                              : loaded 2 times (x 67B)
Class kotlin.sequences.ConstrainedOnceSequence                                        : loaded 2 times (x 73B)
Class net.rubygrapefruit.platform.internal.jni.NativeLibraryFunctions                 : loaded 2 times (x 69B)
Class com.google.common.base.CharMatcher$Is                                           : loaded 2 times (x 109B)
Class com.google.common.collect.Maps$AbstractFilteredMap                              : loaded 2 times (x 125B)
Class com.google.common.base.Platform                                                 : loaded 2 times (x 69B)
Class com.google.common.collect.RegularImmutableAsList                                : loaded 2 times (x 176B)
Class com.google.common.base.Suppliers$NonSerializableMemoizingSupplier               : loaded 2 times (x 77B)
Class com.google.common.collect.PeekingIterator                                       : loaded 2 times (x 68B)
Class settings_73r8by4cti074jha3j95c8tbb                                              : loaded 2 times (x 177B)
Class com.google.common.collect.ImmutableSetMultimap                                  : loaded 2 times (x 180B)
Class kotlin._Assertions                                                              : loaded 2 times (x 69B)
Class kotlin.ranges.ClosedRange                                                       : loaded 2 times (x 68B)
Class com.google.common.collect.AbstractMapBasedMultimap$WrappedSet                   : loaded 2 times (x 140B)
Class kotlin.KotlinNullPointerException                                               : loaded 2 times (x 81B)
Class com.google.common.reflect.TypeResolver$TypeTable$1                              : loaded 2 times (x 71B)
Class com.google.common.collect.ImmutableMapEntrySet                                  : loaded 2 times (x 149B)
Class com.google.common.cache.CacheLoader                                             : loaded 2 times (x 72B)
Class org.objectweb.asm.Opcodes                                                       : loaded 2 times (x 68B)
Class kotlin.io.NoSuchFileException                                                   : loaded 2 times (x 80B)
Class com.google.common.collect.ImmutableBiMapFauxverideShim                          : loaded 2 times (x 118B)
Class org.objectweb.asm.MethodTooLargeException                                       : loaded 2 times (x 81B)
Class kotlin.text.CharsKt                                                             : loaded 2 times (x 69B)
Class kotlin.ranges.RangesKt___RangesKt                                               : loaded 2 times (x 69B)
Class com.google.common.collect.HashBiMap$Inverse                                     : loaded 2 times (x 140B)
Class kotlin.collections.CollectionsKt___CollectionsKt                                : loaded 2 times (x 69B)
Class com.google.common.reflect.Types$1                                               : loaded 2 times (x 82B)
Class com.google.common.cache.Cache                                                   : loaded 2 times (x 68B)
Class com.google.common.collect.Maps$EntrySet                                         : loaded 2 times (x 134B)
Class kotlin.UNINITIALIZED_VALUE                                                      : loaded 2 times (x 69B)
Class org.gradle.internal.classloader.SystemClassLoaderSpec                           : loaded 2 times (x 69B)
Class com.google.common.util.concurrent.internal.InternalFutureFailureAccess          : loaded 2 times (x 70B)
Class net.rubygrapefruit.platform.internal.Platform$FreeBSD64Bit                      : loaded 2 times (x 80B)
Class com.google.common.base.Charsets                                                 : loaded 2 times (x 69B)
Class com.google.common.primitives.Ints$IntConverter                                  : loaded 2 times (x 88B)
Class com.google.common.collect.SingletonImmutableSet                                 : loaded 2 times (x 146B)
Class com.google.common.reflect.Types$TypeVariableImpl                                : loaded 2 times (x 70B)
Class com.google.common.collect.Interners$InternerBuilder                             : loaded 2 times (x 74B)
Class [Lcom.google.common.base.AbstractIterator$State;                                : loaded 2 times (x 67B)
Class kotlin.io.FileTreeWalk$FileTreeWalkIterator$TopDownDirectoryState               : loaded 2 times (x 72B)
Class com.google.common.collect.ImmutableMap$Builder                                  : loaded 2 times (x 78B)
Class kotlin.io.FileAlreadyExistsException                                            : loaded 2 times (x 80B)
Class net.rubygrapefruit.platform.internal.Platform$MacOs                             : loaded 2 times (x 80B)
Class com.google.common.base.AbstractIterator                                         : loaded 2 times (x 78B)
Class org.objectweb.asm.ClassWriter                                                   : loaded 2 times (x 102B)
Class kotlin.text.Charsets                                                            : loaded 2 times (x 69B)
Class com.google.common.collect.Range                                                 : loaded 2 times (x 85B)
Class com.google.common.base.AbstractIterator$1                                       : loaded 2 times (x 69B)
Class kotlin.collections.SetsKt                                                       : loaded 2 times (x 69B)
Class kotlin.jvm.internal.FunctionBase                                                : loaded 2 times (x 68B)
Class kotlin.io.LinesSequence                                                         : loaded 2 times (x 73B)
Class kotlin.Function                                                                 : loaded 2 times (x 68B)
Class [Lcom.google.common.cache.CacheBuilder$OneWeigher;                              : loaded 2 times (x 67B)
Class net.rubygrapefruit.platform.NativeIntegrationLinkageException                   : loaded 2 times (x 80B)
Class com.google.common.collect.Iterators                                             : loaded 2 times (x 69B)
Class com.google.common.base.CharMatcher$1                                            : loaded 2 times (x 111B)
Class com.google.common.base.CharMatcher$Ascii                                        : loaded 2 times (x 110B)
Class com.google.common.cache.LocalCache$SoftValueReference                           : loaded 2 times (x 95B)
Class com.google.common.collect.ImmutableList$SerializedForm                          : loaded 2 times (x 71B)
Class org.gradle.api.UncheckedIOException                                             : loaded 2 times (x 80B)
Class com.google.common.base.CharMatcher$And                                          : loaded 2 times (x 110B)
Class com.google.common.reflect.Element                                               : loaded 2 times (x 100B)
Class kotlin.io.FilesKt__FileReadWriteKt                                              : loaded 2 times (x 69B)
Class [Lcom.google.common.io.FileWriteMode;                                           : loaded 2 times (x 67B)
Class com.google.common.io.Files$FileByteSink                                         : loaded 2 times (x 75B)
Class com.google.common.collect.IndexedImmutableSet                                   : loaded 2 times (x 148B)
Class com.google.common.base.ExtraObjectsMethodsForWeb                                : loaded 2 times (x 69B)
Class build_415wapdhe4zz0axy7th3sy9bt                                                 : loaded 2 times (x 178B)
Class com.google.common.collect.IndexedImmutableSet$1                                 : loaded 2 times (x 172B)
Class com.google.common.collect.AbstractListMultimap                                  : loaded 2 times (x 170B)
Class com.google.common.base.CharMatcher$Any                                          : loaded 2 times (x 110B)
Class com.google.common.cache.LocalCache$Strength                                     : loaded 2 times (x 79B)
Class com.google.common.collect.AbstractMapBasedMultimap$KeySet                       : loaded 2 times (x 135B)
Class com.google.common.collect.SortedIterable                                        : loaded 2 times (x 68B)
Class com.google.common.collect.ArrayListMultimapGwtSerializationDependencies         : loaded 2 times (x 170B)
Class kotlin.Unit                                                                     : loaded 2 times (x 69B)
Class com.google.common.base.CharMatcher$RangesMatcher                                : loaded 2 times (x 110B)
Class com.google.common.collect.AbstractMapBasedMultimap$RandomAccessWrappedList      : loaded 2 times (x 165B)
Class org.objectweb.asm.Handler                                                       : loaded 2 times (x 70B)
Class kotlin.collections.CollectionsKt                                                : loaded 2 times (x 69B)
Class kotlin.collections.ArraysKt___ArraysJvmKt                                       : loaded 2 times (x 69B)
Class net.rubygrapefruit.platform.internal.Platform$Linux32Bit                        : loaded 2 times (x 81B)
Class com.google.common.collect.ImmutableList$SubList                                 : loaded 2 times (x 168B)
Class kotlin.collections.CollectionsKt___CollectionsJvmKt                             : loaded 2 times (x 69B)
Class net.rubygrapefruit.platform.internal.Platform$MacOs64Bit                        : loaded 2 times (x 80B)
Class com.google.common.cache.LocalCache$ValueReference                               : loaded 2 times (x 68B)
Class com.google.common.collect.CollectSpliterators                                   : loaded 2 times (x 69B)
Class org.objectweb.asm.ClassReader                                                   : loaded 2 times (x 90B)
Class org.gradle.internal.classloader.ClasspathUtil                                   : loaded 2 times (x 69B)
Class kotlin.ranges.RangesKt__RangesKt                                                : loaded 2 times (x 69B)
Class org.apache.commons.io.FileUtils                                                 : loaded 2 times (x 69B)
Class kotlin.io.FileTreeWalk$DirectoryState                                           : loaded 2 times (x 71B)
Class org.objectweb.asm.CurrentFrame                                                  : loaded 2 times (x 71B)
Class com.google.common.util.concurrent.AbstractFuture                                : loaded 2 times (x 93B)
Class kotlin.NotImplementedError                                                      : loaded 2 times (x 80B)
Class com.google.common.reflect.TypeResolver                                          : loaded 2 times (x 70B)
Class kotlin.collections.CollectionsKt__IteratorsKt                                   : loaded 2 times (x 69B)
Class com.google.common.base.Splitter$1                                               : loaded 2 times (x 75B)
Class com.google.common.collect.TransformedListIterator                               : loaded 2 times (x 91B)
Class com.google.common.cache.LocalCache$ValueIterator                                : loaded 2 times (x 84B)
Class com.google.common.base.Ticker$1                                                 : loaded 2 times (x 70B)
Class com.google.common.collect.Maps$BiMapConverter                                   : loaded 2 times (x 88B)
Class org.gradle.api.internal.DefaultClassPathRegistry                                : loaded 2 times (x 74B)
Class com.google.common.collect.AbstractIterator$State                                : loaded 2 times (x 77B)
Class com.google.common.util.concurrent.AbstractFuture$Cancellation                   : loaded 2 times (x 70B)
Class [Lorg.objectweb.asm.Symbol;                                                     : loaded 2 times (x 67B)
Class com.google.common.base.Predicates                                               : loaded 2 times (x 69B)
Class com.google.common.collect.Interner                                              : loaded 2 times (x 68B)
Class com.google.common.collect.ImmutableSet$SetBuilderImpl                           : loaded 2 times (x 74B)
Class org.gradle.api.internal.classpath.DefaultModuleRegistry$DefaultModule           : loaded 2 times (x 84B)
Class net.rubygrapefruit.platform.internal.Platform                                   : loaded 2 times (x 77B)
Class com.google.common.base.CharMatcher$JavaIsoControl                               : loaded 2 times (x 110B)
Class com.google.common.collect.ImmutableMap$1                                        : loaded 2 times (x 79B)
Class com.google.common.base.CharMatcher$Or                                           : loaded 2 times (x 110B)
Class com.google.common.cache.RemovalCause$1                                          : loaded 2 times (x 78B)
Class com.google.common.cache.RemovalCause$2                                          : loaded 2 times (x 78B)
Class com.google.common.cache.RemovalCause$3                                          : loaded 2 times (x 78B)
Class kotlin.text.StringsKt__StringsKt                                                : loaded 2 times (x 69B)
Class com.google.common.cache.RemovalCause$4                                          : loaded 2 times (x 78B)
Class com.google.common.cache.RemovalCause$5                                          : loaded 2 times (x 78B)
Class kotlin.comparisons.ComparisonsKt___ComparisonsKt                                : loaded 2 times (x 69B)
Class com.google.common.base.Suppliers$SupplierOfInstance                             : loaded 2 times (x 77B)
Class org.objectweb.asm.RecordComponentVisitor                                        : loaded 2 times (x 75B)
Class com.google.common.reflect.Types$ClassOwnership$1                                : loaded 2 times (x 78B)
Class com.google.common.reflect.Invokable                                             : loaded 2 times (x 116B)
Class com.google.common.reflect.Types$ClassOwnership$2                                : loaded 2 times (x 78B)
Class com.google.common.reflect.Types$ClassOwnership$3                                : loaded 2 times (x 69B)
Class com.google.common.cache.LocalCache$HashIterator                                 : loaded 2 times (x 84B)
Class com.google.common.collect.Iterables                                             : loaded 2 times (x 69B)
Class com.google.common.base.CharMatcher$JavaLowerCase                                : loaded 2 times (x 109B)
Class com.google.common.cache.LocalCache$WriteThroughEntry                            : loaded 2 times (x 77B)
Class org.objectweb.asm.ClassTooLargeException                                        : loaded 2 times (x 81B)
Class org.gradle.api.internal.classpath.UnknownModuleException                        : loaded 2 times (x 80B)
Class kotlin.collections.MapsKt__MapsJVMKt                                            : loaded 2 times (x 69B)
Class com.google.common.collect.FluentIterable                                        : loaded 2 times (x 79B)
Class com.google.common.util.concurrent.AbstractFuture$Listener                       : loaded 2 times (x 70B)
Class com.google.common.collect.Iterables$4                                           : loaded 2 times (x 79B)
Class com.google.common.collect.Iterables$5                                           : loaded 2 times (x 79B)
Class org.objectweb.asm.Edge                                                          : loaded 2 times (x 70B)
Class com.google.common.collect.Maps$EntryTransformer                                 : loaded 2 times (x 68B)
Class com.google.common.collect.ImmutableCollection$Builder                           : loaded 2 times (x 74B)
Class kotlin.collections.ArraysKt___ArraysKt                                          : loaded 2 times (x 69B)
Class com.google.common.io.ByteArrayDataInput                                         : loaded 2 times (x 68B)
Class kotlin.text.StringsKt__StringNumberConversionsJVMKt                             : loaded 2 times (x 69B)
Class net.rubygrapefruit.platform.internal.Platform$Window64Bit                       : loaded 2 times (x 77B)
Class org.apache.commons.io.FilenameUtils                                             : loaded 2 times (x 69B)
Class [Lorg.objectweb.asm.SymbolTable$Entry;                                          : loaded 2 times (x 67B)
Class kotlin.ranges.IntProgression$Companion                                          : loaded 2 times (x 69B)
Class com.google.common.reflect.Types$JavaVersion                                     : loaded 2 times (x 81B)
Class com.google.common.collect.SingletonImmutableBiMap                               : loaded 2 times (x 142B)
Class kotlin.TuplesKt                                                                 : loaded 2 times (x 69B)
Class kotlin.text.CharsKt__CharJVMKt                                                  : loaded 2 times (x 69B)
Class com.google.common.base.CommonPattern                                            : loaded 2 times (x 72B)
Class com.google.common.base.Suppliers$MemoizingSupplier                              : loaded 2 times (x 77B)
Class com.google.common.base.Suppliers                                                : loaded 2 times (x 69B)
Class net.rubygrapefruit.platform.internal.Platform$FreeBSD32Bit                      : loaded 2 times (x 80B)
Class [Lcom.google.common.collect.Iterators$EmptyModifiableIterator;                  : loaded 2 times (x 67B)
Class kotlin.LazyKt__LazyJVMKt                                                        : loaded 2 times (x 69B)
Class kotlin.text.StringsKt__IndentKt                                                 : loaded 2 times (x 69B)
Class org.objectweb.asm.ClassVisitor                                                  : loaded 2 times (x 85B)
Class com.google.common.cache.LoadingCache                                            : loaded 2 times (x 68B)
Class org.gradle.internal.service.ServiceLookupException                              : loaded 2 times (x 80B)
Class kotlin.collections.MapsKt__MapWithDefaultKt                                     : loaded 2 times (x 69B)
Class com.google.common.collect.MapMakerInternalMap$StrongKeyDummyValueSegment        : loaded 2 times (x 140B)
Class org.gradle.cache.GlobalCache                                                    : loaded 2 times (x 68B)
Class com.google.common.base.Present                                                  : loaded 2 times (x 79B)
Class kotlin.collections.EmptySet                                                     : loaded 2 times (x 120B)
Class kotlin.text.DelimitedRangesSequence                                             : loaded 2 times (x 73B)
Class com.google.common.base.CharMatcher$NegatedFastMatcher                           : loaded 2 times (x 111B)
Class [Lorg.gradle.api.internal.ClassPathProvider;                                    : loaded 2 times (x 67B)
Class com.google.common.util.concurrent.AbstractFuture$SafeAtomicHelper               : loaded 2 times (x 75B)
Class kotlin.collections.MapsKt                                                       : loaded 2 times (x 69B)
Class net.rubygrapefruit.platform.internal.Platform$FreeBSD                           : loaded 2 times (x 80B)
Class org.gradle.util.internal.GUtil                                                  : loaded 2 times (x 69B)
Class net.rubygrapefruit.platform.internal.Platform$Unix                              : loaded 2 times (x 80B)
Class com.google.common.math.IntMath                                                  : loaded 2 times (x 69B)
Class [Lcom.google.common.reflect.Types$JavaVersion;                                  : loaded 2 times (x 67B)
Class net.rubygrapefruit.platform.Process                                             : loaded 2 times (x 68B)
Class com.google.common.collect.AbstractIterator                                      : loaded 2 times (x 80B)
Class org.gradle.internal.classloader.ClassLoaderSpec                                 : loaded 2 times (x 69B)
Class com.google.common.io.LineProcessor                                              : loaded 2 times (x 68B)
Class com.google.common.io.CharSink                                                   : loaded 2 times (x 77B)
Class org.objectweb.asm.Frame                                                         : loaded 2 times (x 71B)
Class com.google.common.cache.LocalCache$LocalManualCache                             : loaded 2 times (x 97B)
Class com.google.common.collect.AbstractMapEntry                                      : loaded 2 times (x 79B)
Class com.google.common.collect.ImmutableList$Builder                                 : loaded 2 times (x 75B)
Class com.google.common.base.CharMatcher$Negated                                      : loaded 2 times (x 111B)
Class net.rubygrapefruit.platform.NativeIntegrationUnavailableException               : loaded 2 times (x 80B)
Class com.google.common.cache.CacheLoader$1                                           : loaded 2 times (x 73B)
Class net.rubygrapefruit.platform.NativeIntegration                                   : loaded 2 times (x 68B)
Class [Lcom.google.common.collect.MapMakerInternalMap$Strength;                       : loaded 2 times (x 67B)
Class com.google.common.util.concurrent.AbstractFuture$TrustedFuture                  : loaded 2 times (x 95B)
Class com.google.common.cache.RemovalCause                                            : loaded 2 times (x 78B)
Class [Lkotlin.Pair;                                                                  : loaded 2 times (x 67B)
Class com.google.common.collect.MapMakerInternalMap$InternalEntry                     : loaded 2 times (x 68B)
Class kotlin.collections.State                                                        : loaded 2 times (x 77B)
Class org.apache.commons.io.FileExistsException                                       : loaded 2 times (x 80B)
Class com.google.common.collect.Maps$ViewCachingAbstractMap                           : loaded 2 times (x 123B)
Class com.google.common.collect.Sets                                                  : loaded 2 times (x 69B)
Class kotlin.text.StringsKt__StringsKt$splitToSequence$1                              : loaded 2 times (x 77B)
Class kotlin.io.FilesKt__UtilsKt                                                      : loaded 2 times (x 69B)
Class com.google.common.collect.ImmutableSet$Builder                                  : loaded 2 times (x 83B)
Class com.google.common.collect.Sets$FilteredSet                                      : loaded 2 times (x 135B)
Class com.google.common.collect.MapMakerInternalMap                                   : loaded 2 times (x 159B)
Class com.google.common.base.CharMatcher$ForPredicate                                 : loaded 2 times (x 110B)
Class com.google.common.collect.ImmutableMap$MapViewOfValuesAsSingletonSets           : loaded 2 times (x 123B)
Class net.rubygrapefruit.platform.internal.Platform$MacOs32Bit                        : loaded 2 times (x 80B)
Class com.google.common.collect.ImmutableMapKeySet                                    : loaded 2 times (x 148B)
Class com.google.common.base.MoreObjects                                              : loaded 2 times (x 69B)
Class com.google.common.collect.SortedMapDifference                                   : loaded 2 times (x 68B)
Class kotlin.collections.ArraysUtilJVM                                                : loaded 2 times (x 69B)
Class org.objectweb.asm.SymbolTable                                                   : loaded 2 times (x 70B)
Class [Lorg.objectweb.asm.AnnotationVisitor;                                          : loaded 2 times (x 67B)
Class com.google.common.cache.CacheStats                                              : loaded 2 times (x 69B)
Class org.objectweb.asm.Attribute                                                     : loaded 2 times (x 75B)
Class org.gradle.internal.classloader.VisitableURLClassLoader                         : loaded 2 times (x 114B)
Class com.google.common.cache.LocalCache$LocalLoadingCache                            : loaded 2 times (x 132B)
Class com.google.common.base.Supplier                                                 : loaded 2 times (x 68B)
Class com.google.common.collect.HashBiMap$BiEntry                                     : loaded 2 times (x 81B)
Class kotlin.io.FilesKt__FileTreeWalkKt                                               : loaded 2 times (x 69B)
Class com.google.common.base.Objects                                                  : loaded 2 times (x 69B)
Class com.google.common.util.concurrent.AbstractFuture$AtomicHelper                   : loaded 2 times (x 74B)
Class com.google.common.collect.ImmutableBiMap                                        : loaded 2 times (x 142B)
Class org.gradle.internal.Cast                                                        : loaded 2 times (x 69B)
Class com.google.common.hash.PrimitiveSink                                            : loaded 2 times (x 68B)
Class org.gradle.api.internal.ClassPathRegistry                                       : loaded 2 times (x 68B)
Class build_415wapdhe4zz0axy7th3sy9bt$_run_closure1                                   : loaded 2 times (x 134B)
Class com.google.common.cache.LocalCache$EntryFactory                                 : loaded 2 times (x 81B)
Class com.google.common.util.concurrent.UncheckedExecutionException                   : loaded 2 times (x 80B)
Class com.google.common.collect.ImmutableSet                                          : loaded 2 times (x 145B)
Class org.gradle.internal.classloader.ClassLoaderHierarchy                            : loaded 2 times (x 68B)
Class kotlin.sequences.SequencesKt___SequencesJvmKt                                   : loaded 2 times (x 69B)
Class kotlin.collections.MapsKt__MapsKt                                               : loaded 2 times (x 69B)
Class kotlin.collections.ArraysKt                                                     : loaded 2 times (x 69B)
Class kotlin.text.CharsKt__CharKt                                                     : loaded 2 times (x 69B)
Class com.google.common.collect.Lists$ReverseList                                     : loaded 2 times (x 160B)
Class com.google.common.io.Closer$Suppressor                                          : loaded 2 times (x 68B)
Class kotlin.collections.MapsKt___MapsKt                                              : loaded 2 times (x 69B)
Class net.rubygrapefruit.platform.internal.LibraryDef                                 : loaded 2 times (x 70B)
Class com.google.common.collect.AbstractMapBasedMultimap$WrappedList                  : loaded 2 times (x 165B)
Class [Lorg.objectweb.asm.Type;                                                       : loaded 2 times (x 67B)
Class com.google.common.collect.MapMakerInternalMap$WeakValueReference                : loaded 2 times (x 68B)
Class kotlin.sequences.TransformingSequence$iterator$1                                : loaded 2 times (x 77B)
Class kotlin.io.FileWalkDirection                                                     : loaded 2 times (x 77B)
Class com.google.common.collect.Lists$ReverseList$1                                   : loaded 2 times (x 97B)
Class com.google.common.base.AbstractIterator$State                                   : loaded 2 times (x 77B)
Class com.google.common.cache.Weigher                                                 : loaded 2 times (x 68B)
Class com.google.common.collect.MapMakerInternalMap$StrongValueEntry                  : loaded 2 times (x 68B)
Class com.google.common.base.CharMatcher$NamedFastMatcher                             : loaded 2 times (x 110B)
Class kotlin.sequences.Sequence                                                       : loaded 2 times (x 68B)
Class org.gradle.internal.service.ServiceLocator                                      : loaded 2 times (x 68B)
Class net.rubygrapefruit.platform.internal.Platform$Linux                             : loaded 2 times (x 81B)
Class com.google.common.collect.ImmutableRangeSet$1                                   : loaded 2 times (x 169B)
Class com.google.common.util.concurrent.SettableFuture                                : loaded 2 times (x 95B)
Class net.rubygrapefruit.platform.NativeException                                     : loaded 2 times (x 80B)
Class kotlin.text.StringsKt__StringsKt$rangesDelimitedBy$2                            : loaded 2 times (x 77B)
Class net.rubygrapefruit.platform.Native                                              : loaded 2 times (x 69B)
Class com.google.common.io.Files$2                                                    : loaded 2 times (x 74B)
Class com.google.common.collect.ImmutableMapEntry                                     : loaded 2 times (x 83B)
Class com.google.common.reflect.Types$ParameterizedTypeImpl                           : loaded 2 times (x 79B)
Class com.google.common.collect.Maps$EntryFunction                                    : loaded 2 times (x 89B)
Class net.rubygrapefruit.platform.internal.Platform$Window32Bit                       : loaded 2 times (x 77B)
Class com.google.common.io.ByteStreams                                                : loaded 2 times (x 69B)
Class kotlin.internal.ProgressionUtilKt                                               : loaded 2 times (x 69B)
Class com.google.common.base.CharMatcher$Invisible                                    : loaded 2 times (x 110B)
Class com.google.common.base.Joiner$1                                                 : loaded 2 times (x 78B)
Class kotlin.LazyKt__LazyKt                                                           : loaded 2 times (x 69B)
Class com.google.common.collect.MapMaker                                              : loaded 2 times (x 70B)
Class com.google.common.base.Joiner$2                                                 : loaded 2 times (x 77B)
Class com.google.common.collect.HashBiMap                                             : loaded 2 times (x 141B)
Class kotlin.io.TerminateException                                                    : loaded 2 times (x 80B)
Class com.google.common.reflect.Types$JavaVersion$1                                   : loaded 2 times (x 81B)
Class com.google.common.base.CharMatcher$FastMatcher                                  : loaded 2 times (x 109B)
Class com.google.common.reflect.Types$JavaVersion$2                                   : loaded 2 times (x 81B)
Class com.google.common.reflect.Types$JavaVersion$3                                   : loaded 2 times (x 81B)
Class [Lorg.objectweb.asm.Label;                                                      : loaded 2 times (x 67B)
Class org.gradle.internal.classpath.DefaultClassPath$ImmutableUniqueList              : loaded 2 times (x 159B)
Class com.google.common.reflect.Types$JavaVersion$4                                   : loaded 2 times (x 81B)
Class com.google.common.reflect.Types$JavaVersion$5                                   : loaded 2 times (x 69B)
Class com.google.common.base.CharMatcher$JavaLetter                                   : loaded 2 times (x 109B)
Class com.google.common.collect.MapDifference                                         : loaded 2 times (x 68B)
Class com.google.common.reflect.TypeToken$SimpleTypeToken                             : loaded 2 times (x 71B)
Class com.google.common.io.ByteSource$EmptyByteSource                                 : loaded 2 times (x 83B)
Class com.google.common.collect.Sets$1                                                : loaded 2 times (x 137B)
Class com.google.common.collect.Sets$2                                                : loaded 2 times (x 137B)
Class com.google.common.util.concurrent.AbstractFuture$Trusted                        : loaded 2 times (x 68B)
Class com.google.common.collect.Sets$3                                                : loaded 2 times (x 137B)
Class com.google.common.graph.SuccessorsFunction                                      : loaded 2 times (x 68B)
Class com.google.common.collect.Sets$4                                                : loaded 2 times (x 137B)
Class kotlin.text.StringsKt___StringsKt                                               : loaded 2 times (x 69B)
Class com.google.common.reflect.Types$NativeTypeVariableEquals                        : loaded 2 times (x 69B)
Class kotlin.Pair                                                                     : loaded 2 times (x 70B)
Class com.google.common.io.ByteSink                                                   : loaded 2 times (x 74B)
Class com.google.common.collect.AbstractMapBasedMultimap$WrappedCollection$WrappedIterator: loaded 2 times (x 82B)
Class org.objectweb.asm.MethodWriter                                                  : loaded 2 times (x 103B)
Class com.google.common.collect.Multimaps                                             : loaded 2 times (x 69B)
Class com.google.common.collect.Platform                                              : loaded 2 times (x 69B)
Class com.google.common.collect.ImmutableAsList                                       : loaded 2 times (x 169B)
Class kotlin.SynchronizedLazyImpl                                                     : loaded 2 times (x 74B)
Class kotlin.collections.AbstractIterator                                             : loaded 2 times (x 81B)
Class com.google.common.util.concurrent.ExecutionError                                : loaded 2 times (x 80B)
Class com.google.common.io.ByteSink$AsCharSink                                        : loaded 2 times (x 78B)
Class com.google.common.base.Equivalence$Identity                                     : loaded 2 times (x 80B)
Class kotlin.ranges.IntRange                                                          : loaded 2 times (x 91B)
Class com.google.common.base.CharMatcher$AnyOf                                        : loaded 2 times (x 110B)
Class com.google.common.base.CharMatcher$IsEither                                     : loaded 2 times (x 109B)
Class kotlin.collections.SetsKt__SetsKt                                               : loaded 2 times (x 69B)
Class com.google.common.collect.AbstractIterator$1                                    : loaded 2 times (x 69B)
Class com.google.common.io.CharSource                                                 : loaded 2 times (x 83B)
Class com.google.common.cache.LocalCache                                              : loaded 2 times (x 185B)
Class com.google.common.collect.ImmutableRangeSet$Builder                             : loaded 2 times (x 75B)
Class kotlin.io.FileTreeWalk$FileTreeWalkIterator$SingleFileState                     : loaded 2 times (x 72B)
Class kotlin.ranges.IntRange$Companion                                                : loaded 2 times (x 69B)
Class com.google.common.collect.RegularImmutableList                                  : loaded 2 times (x 172B)
Class com.google.common.util.concurrent.AbstractFuture$UnsafeAtomicHelper$1           : loaded 2 times (x 74B)
Class com.google.common.base.CharMatcher$JavaUpperCase                                : loaded 2 times (x 109B)
Class com.google.common.collect.Multiset                                              : loaded 2 times (x 68B)
Class kotlin.comparisons.ComparisonsKt__ComparisonsKt                                 : loaded 2 times (x 69B)
Class kotlin.collections.EmptyMap                                                     : loaded 2 times (x 107B)
Class com.google.common.reflect.Invokable$ConstructorInvokable                        : loaded 2 times (x 120B)
Class org.objectweb.asm.MethodVisitor                                                 : loaded 2 times (x 102B)
Class com.google.common.collect.AbstractMapBasedMultimap$KeySet$1                     : loaded 2 times (x 80B)
Class com.google.common.collect.ImmutableMapEntry$NonTerminalImmutableMapEntry        : loaded 2 times (x 83B)
Class com.google.common.collect.AbstractMapBasedMultimap                              : loaded 2 times (x 137B)


---------------  S Y S T E M  ---------------

OS:
 Windows 10 , 64 bit Build 19041 (10.0.19041.1889)
OS uptime: 10 days 22:25 hours
Hyper-V role detected

CPU: total 8 (initial active 8) (4 cores per cpu, 2 threads per core) family 6 model 58 stepping 9 microcode 0x21, cx8, cmov, fxsr, ht, mmx, sse, sse2, sse3, ssse3, sse4.1, sse4.2, popcnt, tsc, tscinvbit, avx, aes, erms, clmul, vzeroupper, clflush, hv

Memory: 4k page, system-wide physical 16068M (689M free)
TotalPageFile size 41731M (AvailPageFile size 3M)
current process WorkingSet (physical memory assigned to process): 688M, peak: 1200M
current process commit charge ("private bytes"): 926M, peak: 1553M

vm_info: OpenJDK 64-Bit Server VM (17.0.7+0-b2043.56-10550314) for windows-amd64 JRE (17.0.7+0-b2043.56-10550314), built on Jul 24 2023 18:27:45 by "androidbuild" with MS VC++ 16.10 / 16.11 (VS2019)

END.
